0306,26.11.2003,09,17,21,28,38,39,32,B,16
0307,29.11.2003,04,05,21,36,44,47,06,C,19
0308,03.12.2003,04,20,22,37,41,46,16,C,16
0309,06.12.2003,11,26,28,34,42,48,29,C,20
0310,10.12.2003,09,11,26,36,38,40,06,C,17
0311,13.12.2003,09,16,19,22,33,39,18,C,20
0312,17.12.2003,04,06,13,14,41,44,08,C,19
0313,20.12.2003,06,11,31,36,41,49,01,C,17
0314,24.12.2003,02,05,09,42,47,48,22,C,17
0315,27.12.2003,02,22,42,43,44,48,04,C,19
0316,31.12.2003,14,17,21,25,40,48,07,C,15
0317,03.01.2004,13,22,29,35,40,48,33,C,15
0318,07.01.2004,02,15,25,29,36,45,19,C,15
0319,10.01.2004,05,15,19,37,38,46,12,C,16
0320,14.01.2004,06,13,20,22,29,48,40,C,8,
0321,17.01.2004,09,11,22,36,38,42,03,B,8,
0322,21.01.2004,04,13,21,28,33,44,16,C,20
0323,24.01.2004,04,06,12,17,41,44,34,C,14
0324,28.01.2004,06,14,15,17,18,36,44,B,17
0325,31.01.2004,20,23,28,34,38,49,31,A,16
0326,04.02.2004,02,04,11,37,41,47,21,B,14
0327,07.02.2004,04,15,18,20,26,36,19,B,17
0328,11.02.2004,04,11,24,27,29,33,21,B,15
0329,14.02.2004,02,08,17,26,41,45,09,B,17
0330,18.02.2004,11,22,25,41,42,49,08,C,16
0331,21.02.2004,10,16,25,32,35,45,39,B,20
0332,25.02.2004,03,04,07,12,13,36,47,B,20
0333,28.02.2004,16,20,24,25,29,43,13,C,20
0334,03.03.2004,02,08,10,31,39,45,24,C,20
0335,06.03.2004,01,28,32,38,39,46,43,B,15
0336,10.03.2004,09,14,29,31,37,38,16,B,12
0337,13.03.2004,01,15,16,18,32,36,13,C,8,
0338,17.03.2004,01,06,08,23,42,48,45,B,16
0339,20.03.2004,06,32,34,37,38,42,27,C,16
0340,24.03.2004,02,08,17,28,31,42,07,C,15
0341,27.03.2004,05,08,17,19,21,42,24,B,13
0342,31.03.2004,01,07,10,22,26,29,38,C,11
0343,03.04.2004,31,35,42,43,45,48,27,C,11
0344,07.04.2004,16,31,34,35,37,49,25,C,12
0345,10.04.2004,05,25,29,31,40,41,36,A,20
0346,14.04.2004,01,04,10,19,32,35,28,C,17
0347,17.04.2004,02,03,12,31,36,45,15,A,16
0348,21.04.2004,09,31,33,34,45,46,11,C,19
0349,24.04.2004,02,07,10,12,22,47,05,A,17
0350,28.04.2004,08,19,34,41,47,48,28,C,10
0351,01.05.2004,06,10,28,31,44,49,25,C,14
0352,05.05.2004,29,35,36,42,44,49,12,A,12
0353,08.05.2004,03,10,13,14,18,41,15,A,19
0354,12.05.2004,01,03,07,12,36,49,25,A,19
0355,15.05.2004,12,19,21,37,41,43,30,A,13
0356,19.05.2004,06,08,11,35,45,49,28,A,20
0357,22.05.2004,14,16,29,38,41,45,36,C,11
0358,26.05.2004,05,06,09,18,25,43,36,C,14
0359,29.05.2004,02,07,08,14,35,49,17,C,19
0360,02.06.2004,09,16,19,41,43,49,15,A,18
0361,05.06.2004,10,14,23,26,34,43,05,A,13
0362,09.06.2004,03,06,08,26,30,47,14,C,8,
0363,12.06.2004,03,06,09,15,40,41,47,C,16
0364,16.06.2004,01,16,24,31,38,41,43,C,20
0365,19.06.2004,13,16,32,38,41,46,24,A,15
0366,23.06.2004,02,04,14,15,29,47,19,C,15
0367,26.06.2004,01,08,09,23,29,42,48,C,8,
0368,30.06.2004,05,07,23,24,25,49,34,C,17
0369,03.07.2004,06,09,24,37,40,41,22,A,13
0370,07.07.2004,02,10,23,28,33,37,27,A,13
0371,10.07.2004,04,05,08,17,44,49,19,A,12
0372,14.07.2004,02,12,18,19,22,32,43,A,12
0373,17.07.2004,05,29,30,33,34,35,49,A,12
0374,21.07.2004,05,10,18,24,26,44,43,C,11
0375,24.07.2004,07,17,20,24,27,36,02,C,10
0376,28.07.2004,10,12,20,38,45,47,40,A,11
0377,31.07.2004,06,08,28,36,41,48,03,C,12
0378,04.08.2004,05,09,17,22,23,30,16,A,15
0379,07.08.2004,01,15,18,19,20,34,11,A,11
0380,11.08.2004,04,07,31,36,47,48,44,C,12
0381,14.08.2004,08,20,21,24,43,49,29,C,8,
0382,18.08.2004,06,07,12,22,28,30,43,C,8,
0383,21.08.2004,03,04,21,28,30,49,42,C,10
0384,25.08.2004,08,14,29,31,40,42,24,C,8,
0385,28.08.2004,15,30,35,38,40,43,06,C,30
0386,01.09.2004,03,07,13,23,40,49,10,C,14
0387,04.09.2004,02,25,32,33,34,37,23,A,14
0388,08.09.2004,05,06,16,18,32,41,44,A,15
0389,11.09.2004,05,09,15,19,42,49,30,A,17
0390,15.09.2004,01,17,32,37,40,46,43,A,15
0391,18.09.2004,08,32,35,38,44,48,22,C,15
0392,22.09.2004,05,13,25,28,32,34,03,A,20
0393,25.09.2004,03,05,30,35,37,46,40,C,18
0394,29.09.2004,11,14,18,27,45,46,10,C,20
0395,02.10.2004,01,11,14,25,41,45,07,A,17
0396,06.10.2004,07,11,27,32,35,37,29,A,10
0397,09.10.2004,12,23,25,27,30,43,31,B,10
0398,13.10.2004,05,06,11,31,34,46,43,A,10
0399,16.10.2004,03,18,33,40,44,45,35,A,17
0400,20.10.2004,07,12,16,17,18,22,47,B,17
0401,23.10.2004,01,09,18,20,46,49,37,A,19
0402,27.10.2004,05,06,16,18,20,34,49,B,19
0403,30.10.2004,07,19,25,36,46,47,41,B,20
0404,03.11.2004,09,15,17,30,37,41,36,A,14
0405,06.11.2004,03,17,25,30,42,46,49,A,15
0406,10.11.2004,07,13,14,21,25,34,20,B,13
0407,13.11.2004,02,08,12,22,30,33,37,B,18
0408,17.11.2004,04,08,09,18,31,45,05,A,18
0409,20.11.2004,01,23,37,42,43,47,14,A,20
0410,24.11.2004,04,09,11,17,20,45,33,A,11
0411,27.11.2004,10,13,32,41,45,49,24,B,17
0412,01.12.2004,17,22,28,31,38,41,01,B,10
0413,04.12.2004,01,14,23,26,31,32,07,C,11
0414,08.12.2004,03,10,21,25,31,42,43,C,18
0415,11.12.2004,18,21,22,32,35,39,11,C,19
0416,15.12.2004,05,21,22,33,43,45,01,C,18
0417,18.12.2004,06,09,23,34,47,49,05,C,19
0418,22.12.2004,06,22,29,33,36,44,10,A,18
0420,29.12.2004,17,21,31,43,44,49,32,A,17
0422,05.01.2005,07,15,17,22,27,48,41,A,13
0423,08.01.2005,05,11,16,18,37,41,26,A,9,
0424,12.01.2005,09,12,17,18,39,44,42,A,19
0425,15.01.2005,08,13,25,29,30,48,38,A,15
0426,19.01.2005,05,20,22,31,33,40,48,A,19
0427,22.01.2005,16,18,26,27,41,48,33,C,19
0428,26.01.2005,05,14,16,18,35,47,13,A,14
0429,29.01.2005,02,03,17,43,47,48,04,A,16
0430,02.02.2005,11,19,21,33,44,47,43,C,20
0431,05.02.2005,30,34,37,39,45,47,18,A,14
0432,09.02.2005,02,08,12,15,26,39,03,A,10
0433,12.02.2005,01,15,16,36,46,47,13,C,14
0434,16.02.2005,13,22,31,32,43,47,49,A,18
0435,19.02.2005,10,14,28,29,40,48,26,A,17
0436,23.02.2005,07,08,09,33,35,37,01,A,16
0437,26.02.2005,02,20,23,29,30,34,26,A,17
0438,02.03.2005,07,09,19,24,26,39,36,A,17
0439,05.03.2005,12,17,24,34,40,49,14,C,19
0440,09.03.2005,04,12,19,21,29,40,06,A,14
0441,12.03.2005,03,07,20,21,25,33,17,A,11
0442,16.03.2005,09,30,31,43,45,47,44,C,11
0443,19.03.2005,13,33,35,36,37,41,18,A,15
0444,23.03.2005,10,17,19,26,30,49,35,C,11
0445,26.03.2005,02,07,23,24,28,47,41,C,19
0446,30.03.2005,06,07,19,23,34,35,10,C,16
0447,02.04.2005,12,20,24,26,31,39,21,C,9,
0448,06.04.2005,07,14,16,23,38,45,10,C,11
0449,09.04.2005,11,15,20,26,35,40,02,A,16
0450,13.04.2005,05,09,11,18,41,43,03,C,19
0451,16.04.2005,01,02,03,11,23,42,48,C,9,
0452,20.04.2005,03,08,15,17,21,22,35,A,11
0453,23.04.2005,04,09,10,17,25,32,06,C,15
0454,27.04.2005,07,27,32,40,41,42,20,C,16
0455,30.04.2005,07,10,19,28,33,43,30,A,15
0456,04.05.2005,04,07,08,10,29,48,03,A,11
0457,07.05.2005,13,24,31,40,42,47,08,C,19
0458,11.05.2005,05,07,28,31,34,41,29,A,14
0459,14.05.2005,12,13,22,24,26,37,33,A,11
0460,18.05.2005,02,23,29,37,45,48,24,A,20
0461,21.05.2005,04,06,14,15,17,25,10,A,16
0462,25.05.2005,11,20,26,30,33,38,39,A,20
0463,28.05.2005,04,11,15,18,31,36,09,A,16
0464,01.06.2005,11,16,18,19,23,40,36,C,19
0465,04.06.2005,11,12,14,24,28,31,35,A,13
0466,08.06.2005,01,03,04,22,36,38,48,C,17
0467,11.06.2005,08,13,32,36,38,48,43,C,13
0468,15.06.2005,02,17,42,46,48,49,04,C,14
0469,18.06.2005,01,04,11,13,37,39,38,C,14
0470,22.06.2005,04,14,16,29,33,48,39,C,9,
0471,25.06.2005,08,31,32,36,40,47,35,A,19
0472,29.06.2005,09,13,15,21,28,40,38,A,19
0473,02.07.2005,11,13,14,15,38,43,22,A,17
0474,06.07.2005,08,16,17,31,36,45,02,C,20
0475,09.07.2005,13,14,19,26,38,45,16,A,13
0476,13.07.2005,02,08,09,13,37,49,05,C,10
0477,16.07.2005,02,13,25,34,37,45,18,A,20
0478,20.07.2005,16,18,24,36,37,41,02,C,13
0479,23.07.2005,09,18,19,21,22,39,41,A,9,
0480,27.07.2005,04,09,20,29,34,42,21,A,18
0481,30.07.2005,03,05,30,31,35,47,46,A,16
0482,03.08.2005,01,25,35,42,43,47,34,A,11
0483,06.08.2005,06,11,17,22,44,45,36,C,11
0484,10.08.2005,01,06,16,31,42,49,17,A,16
0485,13.08.2005,11,29,31,36,39,49,01,C,19
0486,17.08.2005,01,08,09,11,42,47,36,C,19
0487,20.08.2005,01,20,29,30,33,42,12,A,13
0488,24.08.2005,02,13,31,32,39,46,36,C,9,
0489,27.08.2005,02,05,17,37,44,47,21,C,10
0490,31.08.2005,02,07,12,20,21,49,24,C,19
0491,03.09.2005,14,21,29,34,36,48,41,A,9,
0492,07.09.2005,02,04,11,16,26,48,49,C,15
0493,10.09.2005,03,08,14,38,43,44,30,C,13
0494,14.09.2005,01,05,12,13,39,47,44,C,10
0495,17.09.2005,05,11,22,30,35,39,17,A,10
0496,21.09.2005,02,12,21,22,34,43,07,C,13
0497,24.09.2005,01,04,20,24,28,40,05,C,13
0498,28.09.2005,18,24,29,32,44,45,28,B,11
0499,01.10.2005,05,07,12,32,40,44,35,A,10
0500,05.10.2005,08,12,29,37,43,47,30,A,13
0501,08.10.2005,09,21,30,33,38,44,45,B,16
0502,12.10.2005,01,11,15,28,41,47,05,A,18
0503,15.10.2005,11,12,13,17,24,41,35,B,14
0504,19.10.2005,09,13,27,31,36,44,41,A,14
0505,22.10.2005,08,24,25,26,29,48,21,A,16
0506,26.10.2005,05,14,15,19,22,27,46,A,16
0507,29.10.2005,02,16,29,31,32,44,18,B,21
0508,02.11.2005,14,15,17,26,30,41,02,B,21
0509,05.11.2005,01,24,28,46,47,49,03,A,16
0510,09.11.2005,10,14,18,21,31,44,32,B,17
0511,12.11.2005,12,19,33,40,41,46,26,B,18
0512,16.11.2005,20,26,31,32,37,49,22,B,19
0513,19.11.2005,04,09,17,18,30,47,34,B,19
0514,23.11.2005,02,04,11,16,21,29,06,A,20
0515,26.11.2005,04,07,14,23,42,49,09,B,18
0516,30.11.2005,04,08,13,28,29,37,12,A,21
0517,03.12.2005,15,16,17,18,29,46,40,A,22
0518,07.12.2005,03,13,22,28,41,46,05,A,11
0519,10.12.2005,20,24,31,33,38,44,22,B,12
0520,14.12.2005,05,13,21,30,43,48,19,B,14
0521,17.12.2005,15,30,31,32,41,42,02,B,19
0522,21.12.2005,11,15,17,21,24,28,03,A,21
0523,24.12.2005,01,07,10,29,38,47,02,A,23
0524,28.12.2005,09,22,26,28,35,39,23,A,14
0525,31.12.2005,08,14,27,30,40,48,45,B,15
0526,04.01.2006,08,13,29,39,43,45,35,A,15
0527,07.01.2006,22,25,43,44,46,47,30,B,18
0528,11.01.2006,16,17,25,34,36,45,29,B,17
0529,14.01.2006,02,05,06,25,44,47,31,A,20
0530,18.01.2006,15,19,34,35,38,40,45,B,20
0531,21.01.2006,13,23,24,31,32,48,11,A,13
0532,25.01.2006,18,21,30,37,40,45,13,B,13
0533,28.01.2006,04,10,16,24,29,43,46,A,15
0534,01.02.2006,05,08,27,33,34,37,22,A,17
0535,04.02.2006,08,11,31,35,40,43,44,A,23
0536,08.02.2006,07,15,17,20,21,42,32,A,13
0537,11.02.2006,09,10,28,32,34,46,01,A,14
0538,15.02.2006,11,21,24,30,34,48,28,B,23
0539,18.02.2006,12,13,35,46,47,49,28,B,17
0540,22.02.2006,08,17,26,36,37,41,48,A,13
0541,25.02.2006,01,09,11,23,27,40,14,A,15
0542,01.03.2006,21,24,25,26,32,49,42,A,12
0543,04.03.2006,04,21,22,25,26,36,23,A,23
0544,08.03.2006,11,22,30,40,42,49,44,A,16
0545,11.03.2006,07,08,12,14,34,47,35,A,15
0546,15.03.2006,01,22,27,31,33,43,10,A,14
0547,18.03.2006,02,11,15,20,22,48,01,B,20
0548,22.03.2006,08,10,12,17,29,40,21,B,15
0549,25.03.2006,16,17,25,29,35,38,04,B,15
0550,29.03.2006,10,15,19,21,35,46,09,A,12
0551,01.04.2006,02,08,23,43,47,48,19,B,17
0552,05.04.2006,04,05,13,24,43,47,44,A,13
0553,08.04.2006,01,04,14,22,29,46,42,A,19
0554,12.04.2006,07,13,22,23,28,36,09,B,20
0555,15.04.2006,02,08,31,39,42,48,01,A,19
0556,19.04.2006,04,05,10,26,37,49,22,B,19
0557,22.04.2006,02,04,16,31,33,40,17,A,17
0558,26.04.2006,06,08,12,42,44,45,34,A,17
0559,29.04.2006,02,11,17,29,40,44,16,B,18
0560,03.05.2006,03,06,14,19,37,48,11,B,20
0561,06.05.2006,09,23,36,42,45,48,30,B,22
0562,10.05.2006,06,12,29,31,43,47,04,A,17
0563,13.05.2006,07,19,38,41,42,45,14,A,21
0564,17.05.2006,06,19,22,24,41,44,12,B,13
0565,20.05.2006,04,06,11,14,33,49,15,B,21
0566,24.05.2006,01,03,09,19,33,36,02,B,14
0567,27.05.2006,03,11,18,20,25,29,33,A,21
0568,31.05.2006,10,20,27,32,40,49,19,B,17
0569,03.06.2006,02,05,07,10,20,36,41,A,18
0570,07.06.2006,17,19,27,29,36,44,05,B,22
0571,10.06.2006,03,07,22,30,32,45,25,A,24
0572,14.06.2006,04,06,08,32,36,46,11,B,18
0573,17.06.2006,06,07,13,20,24,45,19,B,13
0574,21.06.2006,05,13,21,35,39,46,37,B,14
0575,24.06.2006,03,15,21,24,40,46,39,A,24
0576,28.06.2006,13,20,22,33,44,49,17,A,17
0577,01.07.2006,01,14,15,34,41,47,03,B,14
0578,05.07.2006,01,08,10,26,38,43,05,B,19
0579,08.07.2006,05,11,18,31,33,40,04,A,20
0580,12.07.2006,07,25,29,31,41,47,24,B,22
0581,15.07.2006,04,19,23,30,31,44,13,B,16
0582,19.07.2006,04,20,22,29,33,36,31,B,19
0583,22.07.2006,12,17,31,39,48,49,13,A,15
0584,26.07.2006,21,22,24,37,41,49,12,B,22
0585,29.07.2006,01,12,17,18,35,47,13,B,18
0586,02.08.2006,05,12,22,34,42,43,09,A,13
0587,05.08.2006,08,09,17,29,46,48,23,B,18
0588,09.08.2006,08,15,32,46,48,49,06,B,21
0589,12.08.2006,02,16,19,26,32,40,29,A,20
0590,16.08.2006,03,06,11,29,30,31,43,B,17
0591,19.08.2006,04,11,15,23,39,48,05,B,20
0592,23.08.2006,04,17,21,36,39,44,02,A,8,
0593,26.08.2006,01,03,12,13,20,35,06,A,17
0594,30.08.2006,19,25,26,37,40,49,15,A,19
0595,02.09.2006,02,18,27,32,37,49,14,B,13
0596,06.09.2006,01,19,25,29,31,33,38,A,21
0597,09.09.2006,03,06,12,23,39,42,27,A,15
0598,13.09.2006,08,24,27,29,38,45,34,B,22
0599,16.09.2006,05,17,18,21,30,49,42,A,17
0600,20.09.2006,06,08,12,33,35,42,23,B,16
0601,23.09.2006,02,09,15,26,41,44,22,B,21
0602,27.09.2006,07,15,28,40,44,46,34,B,17
0603,30.09.2006,07,13,16,17,32,36,09,B,15
0604,04.10.2006,03,05,09,19,23,39,27,A,17
0605,07.10.2006,13,26,33,35,44,48,36,B,21
0606,11.10.2006,03,26,32,35,41,45,16,A,18
0607,14.10.2006,05,08,23,40,43,45,47,A,22
0608,18.10.2006,02,10,25,26,31,42,03,A,18
0609,21.10.2006,06,19,20,43,47,48,02,B,18
0610,25.10.2006,13,23,31,32,40,45,26,A,16
0611,28.10.2006,13,14,21,27,29,49,03,B,22
0612,01.11.2006,05,21,27,36,38,41,09,A,16
0613,04.11.2006,08,18,20,32,43,49,42,B,14
0614,08.11.2006,02,04,20,22,30,34,48,B,15
0615,11.11.2006,05,22,23,33,38,41,35,B,17
0616,15.11.2006,11,26,31,37,41,46,09,B,20
0617,18.11.2006,01,05,07,13,18,34,49,B,12
0618,22.11.2006,03,04,19,22,39,45,06,A,20
0619,25.11.2006,08,13,20,23,33,47,19,A,18
0620,29.11.2006,20,27,35,40,45,48,07,A,8,
0621,02.12.2006,05,22,31,36,43,48,38,B,13
0622,06.12.2006,17,23,31,35,37,45,13,B,15
0623,09.12.2006,05,06,22,23,32,37,29,B,14
0624,13.12.2006,01,14,17,35,43,45,47,A,15
0625,16.12.2006,01,02,19,36,42,44,39,A,17
0626,20.12.2006,01,09,14,16,37,49,20,B,19
0627,23.12.2006,15,19,26,35,41,47,32,B,20
0628,27.12.2006,07,13,27,28,35,48,10,A,13
0629,30.12.2006,07,39,40,41,42,46,36,B,24
0630,03.01.2007,02,19,26,28,32,45,44,B,15
0631,06.01.2007,08,24,27,37,42,47,31,B,24
0632,10.01.2007,12,20,21,27,32,43,40,B,23
0633,13.01.2007,09,14,15,25,35,46,02,B,16
0634,17.01.2007,09,29,30,32,44,48,02,B,17
0635,20.01.2007,01,14,25,29,33,38,05,A,19
0636,24.01.2007,03,08,17,25,43,47,35,B,17
0637,27.01.2007,04,08,27,30,43,48,46,B,16
0638,31.01.2007,02,06,24,25,30,42,44,A,17
0639,03.02.2007,18,20,25,26,32,40,29,A,23
0640,07.02.2007,01,03,11,13,22,43,33,B,18
0641,10.02.2007,01,16,19,24,30,42,29,A,22
0642,14.02.2007,06,08,10,15,18,21,27,A,15
0643,17.02.2007,17,18,38,41,44,47,06,A,23
0644,21.02.2007,01,02,27,33,42,48,11,A,16
0645,24.02.2007,15,18,23,28,40,44,39,B,17
0646,28.02.2007,11,17,19,27,38,40,22,A,15
0647,03.03.2007,01,05,07,19,35,49,02,B,22
0648,07.03.2007,12,15,17,18,34,42,41,B,23
0649,10.03.2007,11,29,30,34,35,44,48,A,22
0650,14.03.2007,02,07,15,23,39,47,16,A,18
0651,17.03.2007,09,22,32,33,37,41,19,B,22
0652,21.03.2007,08,09,33,34,36,46,17,A,14
0653,24.03.2007,02,04,09,16,37,42,22,A,21
0654,28.03.2007,12,25,37,41,42,49,21,A,19
0655,31.03.2007,11,13,21,37,41,48,32,B,21
0711,13.10.2007,09,10,17,26,38,48,04,Khensani26
0712,17.10.2007,10,13,17,26,27,40,09,Khensani31
0713,20.10.2007,09,28,38,44,47,49,27,Ndyebokazi26
0714,24.10.2007,11,17,23,27,38,47,42,Mapula30
0715,27.10.2007,04,05,12,21,44,48,27,Khensani32
0716,31.10.2007,07,09,11,22,38,48,34,Khensani35
0717,03.11.2007,05,15,26,27,43,48,32,Ndyebokazi40
0718,07.11.2007,01,06,17,21,33,44,24,Ndyebokazi28
0719,10.11.2007,01,14,21,33,34,47,18,Suikerbossie41
0720,14.11.2007,04,09,16,17,32,33,27,Ndyebokazi40
0721,17.11.2007,04,21,23,34,42,44,32,Suikerbossie39
0722,21.11.2007,05,25,37,39,40,49,34,Khensani30
0723,24.11.2007,07,09,29,35,42,49,39,Ndyebokazi41
0724,28.11.2007,06,13,15,19,30,32,14,Khensani32
0725,01.12.2007,04,10,20,22,35,41,05,Khensani26
0726,05.12.2007,11,14,19,26,47,48,04,Khensani39
0727,08.12.2007,03,10,19,29,43,49,23,Mapula34
0728,12.12.2007,04,14,29,31,33,45,22,Khensani36
0729,15.12.2007,12,14,15,36,40,46,01,Khensani27
0730,19.12.2007,01,12,22,26,30,42,24,Mapula39
0731,22.12.2007,05,09,14,20,21,32,48,Khensani36
0732,26.12.2007,12,16,23,26,39,42,17,Khensani29
0733,29.12.2007,02,04,05,21,23,24,47,Mapula41
0734,02.01.2008,07,11,15,17,42,46,13,Mapula40
0735,05.01.2008,11,17,29,34,41,44,13,Mapula37
0736,09.01.2008,02,14,15,24,27,32,40,Suikerbossie43
0737,12.01.2008,05,14,22,26,34,40,30,Khensani38
0738,16.01.2008,01,21,31,36,37,40,42,Suikerbossie37
0739,19.01.2008,02,04,20,24,26,27,43,Mapula29
0740,23.01.2008,06,15,31,35,40,47,14,Mapula42
0741,26.01.2008,05,24,25,34,35,48,21,Suikerbossie43
0742,30.01.2008,07,17,23,33,42,44,45,Suikerbossie30
0743,02.02.2008,03,04,12,21,34,45,08,Khensani37
0744,06.02.2008,09,14,24,36,46,47,21,Suikerbossie34
0745,09.02.2008,07,10,33,35,37,39,24,Khensani44
0746,13.02.2008,06,18,25,28,40,45,07,Mapula42
0747,16.02.2008,04,06,08,11,41,48,42,Mapula37
0748,20.02.2008,13,14,16,21,37,49,31,Khensani38
0749,23.02.2008,10,13,18,20,33,41,45,Khensani34
0750,27.02.2008,08,10,24,32,40,48,11,Mapula29
0751,01.03.2008,26,32,33,41,45,49,07,Mapula42
0752,05.03.2008,04,07,20,26,34,36,39,Mapula40
0753,08.03.2008,04,06,17,19,26,46,27,Ndyebokazi37
0754,12.03.2008,05,09,10,11,24,26,07,Ndyebokazi26
0755,15.03.2008,04,09,11,27,30,39,28,Suikerbossie42
0756,19.03.2008,24,25,32,33,38,43,28,Ndyebokazi41
0757,22.03.2008,07,14,15,21,33,39,43,Ndyebokazi38
0758,26.03.2008,03,05,07,39,44,45,15,Ndyebokazi34
0759,29.03.2008,01,10,11,19,27,28,09,Mapula39
0760,02.04.2008,16,22,25,36,43,44,35,Suikerbossie44
0761,05.04.2008,10,13,30,38,46,48,41,Mapula29
0762,09.04.2008,01,11,16,24,37,41,28,Suikerbossie44
0763,12.04.2008,13,15,19,26,38,39,01,Suikerbossie29
0764,16.04.2008,03,32,33,40,45,48,42,Ndyebokazi31
0765,19.04.2008,10,14,29,33,36,47,07,Mapula30
0766,23.04.2008,05,11,14,16,22,36,13,Ndyebokazi35
0767,26.04.2008,05,08,09,16,34,47,26,Ndyebokazi41
0768,30.04.2008,05,11,17,26,39,43,25,Mapula40
0769,03.05.2008,10,26,32,42,44,48,19,Ndyebokazi43
0770,07.05.2008,13,37,40,41,44,49,09,Suikerbossie42
0771,10.05.2008,03,05,12,36,37,47,39,Ndyebokazi35
0772,14.05.2008,12,16,17,18,34,43,10,Suikerbossie34
0773,17.05.2008,02,04,08,14,22,34,40,Ndyebokazi39
0774,21.05.2008,01,13,15,27,28,49,44,Mapula46
0775,24.05.2008,02,05,08,16,42,49,43,Mapula42
0776,28.05.2008,04,05,13,23,38,40,16,Suikerbossie34
0777,31.05.2008,22,24,25,26,31,37,46,Suikerbossie47
0778,04.06.2008,11,19,22,24,44,46,41,Ndyebokazi46
0779,07.06.2008,04,07,09,15,20,47,10,Ndyebokazi51
0780,11.06.2008,03,23,26,27,35,47,06,Suikerbossie55
0781,14.06.2008,03,14,19,29,40,47,25,Ndyebokazi41
0782,18.06.2008,07,16,28,29,33,46,23,Suikerbossie51
0783,21.06.2008,04,23,28,38,45,49,01,Suikerbossie33
0784,25.06.2008,03,07,08,09,27,48,02,Mapula30
0785,28.06.2008,05,15,29,31,32,39,02,Khensani36
0786,02.07.2008,03,04,05,24,45,46,01,Khensani44
0787,05.07.2008,02,30,33,36,44,49,27,Khensani33
0788,09.07.2008,04,06,14,26,33,47,37,Mapula54
0789,12.07.2008,13,15,26,27,35,38,46,Khensani37
0790,16.07.2008,05,19,22,24,42,44,10,Suikerbossie35
0791,19.07.2008,12,14,21,22,31,36,18,Mapula33
0792,23.07.2008,02,04,06,09,26,44,32,Mapula39
0793,26.07.2008,16,21,26,29,35,45,30,Khensani49
0794,30.07.2008,10,22,24,31,43,48,35,Khensani34
0795,02.08.2008,08,19,27,34,39,44,43,Khensani29
0796,06.08.2008,02,15,16,32,38,44,36,Mapula55
0797,09.08.2008,10,11,26,31,32,36,04,Khensani38
0798,13.08.2008,12,20,23,37,39,45,31,Mapula37
0799,16.08.2008,05,12,23,35,36,49,33,Mapula33
0800,20.08.2008,03,23,24,26,32,36,09,Mapula44
0801,23.08.2008,01,05,07,14,16,22,10,Mapula50
0802,27.08.2008,02,09,10,23,24,41,27,Khensani36
0803,30.08.2008,06,10,15,31,32,39,25,Khensani35
0804,03.09.2008,12,17,21,27,28,49,13,Khensani53
0805,06.09.2008,02,19,24,30,35,45,07,Suikerbossie47
0806,10.09.2008,21,22,33,34,46,48,39,Khensani30
0807,13.09.2008,12,18,21,40,42,47,02,Khensani55
0808,17.09.2008,04,17,34,38,41,46,36,Mapula34
0809,20.09.2008,02,04,13,18,32,46,17,Suikerbossie37
0810,24.09.2008,16,27,35,36,43,49,17,Khensani48
0811,27.09.2008,08,14,16,18,29,34,12,Khensani38
0812,01.10.2008,05,06,22,44,47,48,29,Khensani50
0813,04.10.2008,12,18,21,25,40,48,41,Mapula30
0814,08.10.2008,15,18,23,38,42,48,30,Khensani33
0815,11.10.2008,01,06,26,35,38,43,36,Khensani29
0816,15.10.2008,10,12,27,34,39,40,46,Ndyebokazi49
0817,18.10.2008,05,36,42,43,44,47,01,Mapula35
0818,22.10.2008,04,24,31,43,44,49,27,Ndyebokazi52
0819,25.10.2008,15,16,18,37,42,49,45,Mapula47
0820,29.10.2008,04,10,19,39,46,47,49,Ndyebokazi45
0821,01.11.2008,02,13,30,38,42,43,05,Khensani26
0822,05.11.2008,01,06,19,31,33,42,36,Mapula43
0823,08.11.2008,11,15,18,24,40,43,49,Khensani48
0824,12.11.2008,09,29,31,32,47,49,34,Mapula45
0825,15.11.2008,08,11,29,32,40,49,41,Khensani53
0826,19.11.2008,16,17,22,32,41,48,43,Mapula50
0827,22.11.2008,01,13,25,27,35,39,31,Ndyebokazi36
0828,26.11.2008,03,15,23,43,44,49,13,Khensani34
0829,29.11.2008,02,04,08,17,18,37,32,Khensani40
0830,03.12.2008,06,14,26,31,32,41,11,Ndyebokazi52
0831,06.12.2008,13,15,17,22,33,46,39,Ndyebokazi49
0832,10.12.2008,16,21,24,28,40,43,41,Mapula33
0833,13.12.2008,05,15,16,19,21,43,02,Ndyebokazi26
0834,17.12.2008,01,12,14,23,29,35,33,Mapula55
0835,20.12.2008,01,08,13,25,31,49,27,Khensani38
0836,24.12.2008,01,13,26,27,36,48,03,Khensani45
0837,27.12.2008,10,22,27,29,33,49,18,Mapula53
0838,31.12.2008,02,23,27,36,41,47,45,Khensani44
0839,03.01.2009,11,20,23,31,32,34,26,Ndyebokazi36
0840,07.01.2009,07,17,18,24,27,45,32,Khensani29
0841,10.01.2009,05,09,17,18,20,29,32,Ndyebokazi41
0842,14.01.2009,08,11,12,20,38,46,04,Khensani50
0843,17.01.2009,01,22,33,39,44,46,30,Ndyebokazi24
0844,21.01.2009,06,11,13,23,30,38,12,Suikerbossie54
0845,24.01.2009,11,14,16,25,36,44,12,Khensani48
0846,28.01.2009,02,17,24,37,40,43,08,Khensani39
0847,31.01.2009,06,11,14,15,24,36,05,Ndyebokazi43
0848,04.02.2009,08,23,24,25,37,40,43,Ndyebokazi45
0849,07.02.2009,05,12,23,35,36,38,34,Khensani54
0850,11.02.2009,09,21,33,42,47,48,13,Suikerbossie29
0851,14.02.2009,02,03,15,16,18,41,13,Khensani52
0852,18.02.2009,12,14,27,38,43,45,11,Khensani51
0853,21.02.2009,04,06,33,39,45,48,19,Khensani37
0854,25.02.2009,05,16,28,30,33,45,15,Khensani53
0855,28.02.2009,01,29,30,32,33,42,19,Ndyebokazi24
0856,04.03.2009,02,19,20,23,29,38,13,Ndyebokazi33
0857,07.03.2009,02,26,28,31,36,41,15,Suikerbossie48
0858,11.03.2009,03,09,24,27,37,44,31,Ndyebokazi51
0859,14.03.2009,01,05,06,21,28,48,08,Suikerbossie35
0860,18.03.2009,13,22,27,39,47,49,26,Khensani40
0861,21.03.2009,12,15,17,23,27,30,11,Ndyebokazi44
0862,25.03.2009,03,09,16,17,42,49,29,Ndyebokazi45
0863,28.03.2009,03,06,08,14,22,40,12,Suikerbossie49
0864,01.04.2009,13,19,34,40,48,49,15,Suikerbossie53
0865,04.04.2009,02,12,17,19,26,34,11,Ndyebokazi24
0866,08.04.2009,03,07,08,28,31,49,26,Khensani33
0867,11.04.2009,01,15,28,29,32,33,12,Mapula55
0868,15.04.2009,13,28,35,41,43,46,49,Mapula35
0869,18.04.2009,02,20,27,32,38,39,41,Khensani37
0870,22.04.2009,07,11,24,26,35,44,48,Khensani25
0871,25.04.2009,04,17,19,25,28,37,01,Mapula44
0872,29.04.2009,02,30,38,41,43,45,13,Khensani54
0873,02.05.2009,02,10,17,19,29,33,22,Khensani45
0874,06.05.2009,06,15,19,25,28,36,49,Khensani49
0875,09.05.2009,09,21,26,29,39,45,13,Mapula55
0876,13.05.2009,02,10,11,14,31,33,43,Ndyebokazi27
0877,16.05.2009,09,12,15,16,36,45,27,Ndyebokazi34
0878,20.05.2009,03,12,18,20,21,40,48,Khensani39
0879,23.05.2009,13,16,19,20,22,36,37,Ndyebokazi48
0880,27.05.2009,23,35,36,38,44,47,16,Mapula50
0881,30.05.2009,04,11,19,22,37,49,03,Khensani45
0882,03.06.2009,01,17,19,28,34,49,14,Khensani24
0883,06.06.2009,06,09,12,26,30,41,44,Ndyebokazi52
0884,10.06.2009,20,26,30,35,42,43,23,Mapula53
0885,13.06.2009,04,19,24,39,43,47,23,Mapula34
0886,17.06.2009,06,13,31,35,39,46,27,Mapula37
0887,20.06.2009,03,17,21,25,38,42,13,Khensani27
0888,24.06.2009,02,03,17,20,27,42,40,Mapula50
0889,27.06.2009,01,04,06,18,29,47,15,Ndyebokazi33
0890,01.07.2009,02,11,17,34,35,48,23,Ndyebokazi39
0891,04.07.2009,07,11,17,19,20,26,47,Mapula55
0892,08.07.2009,02,05,14,16,19,44,23,Mapula38
0893,11.07.2009,04,07,14,16,19,48,21,Mapula40
0894,15.07.2009,04,25,36,37,40,49,35,Ndyebokazi34
0895,18.07.2009,17,31,33,36,40,43,41,Khensani29
0896,22.07.2009,10,25,27,31,34,36,19,Mapula50
0897,25.07.2009,04,10,31,32,33,40,45,Ndyebokazi48
0898,29.07.2009,03,09,15,30,39,49,34,Ndyebokazi54
0899,01.08.2009,16,31,34,35,42,44,30,Mapula53
0900,05.08.2009,04,05,12,31,44,46,48,Mapula45
0901,08.08.2009,06,07,09,11,20,36,25,Mapula44
0902,12.08.2009,20,23,33,34,37,48,15,Ndyebokazi29
0903,15.08.2009,04,07,11,12,27,43,29,Ndyebokazi40
0904,19.08.2009,14,20,25,43,45,48,08,Khensani48
0905,22.08.2009,06,09,20,39,45,47,33,Ndyebokazi54
0906,26.08.2009,21,22,28,29,32,42,13,Khensani35
0907,29.08.2009,11,18,22,35,39,42,20,Ndyebokazi26
0908,02.09.2009,04,08,11,32,37,43,20,Ndyebokazi24
0909,05.09.2009,02,08,20,24,39,49,05,Ndyebokazi54
0910,09.09.2009,01,21,25,42,44,49,02,Mapula25
0911,12.09.2009,05,09,18,26,32,44,45,Ndyebokazi26
0912,16.09.2009,03,21,24,25,36,43,14,Khensani37
0913,19.09.2009,05,10,16,30,37,48,09,Khensani25
0914,23.09.2009,02,03,37,43,45,49,06,Ndyebokazi24
0915,26.09.2009,03,25,27,40,48,49,12,Khensani45
0916,30.09.2009,16,19,27,46,47,48,01,Khensani25
0917,03.10.2009,06,09,19,31,39,43,36,Khensani51
0918,07.10.2009,08,15,25,26,31,34,05,Mapula38
0919,10.10.2009,01,16,20,25,27,28,32,Mapula45
0920,14.10.2009,01,02,17,20,24,32,11,Ndyebokazi25
0921,17.10.2009,08,15,20,28,31,33,17,Mooinooi35
0922,21.10.2009,08,20,25,32,34,39,43,Tsakani,51
0923,24.10.2009,03,10,16,40,47,49,11,Dimakatso,39
0924,28.10.2009,12,14,16,19,22,28,32,Tsakani,29
0925,31.10.2009,07,12,19,25,40,46,36,Dimakatso,37
0926,04.11.2009,15,16,21,23,27,36,03,Dimakatso,40
0927,07.11.2009,04,14,17,20,21,34,03,Tsakani,24
0928,11.11.2009,11,15,23,26,29,38,48,Mooinooi27
0929,14.11.2009,01,18,23,28,30,33,43,Tsakani,41
0930,18.11.2009,21,25,26,30,39,45,46,Dimakatso,29
0931,21.11.2009,12,20,25,27,33,40,49,Mooinooi45
0932,25.11.2009,10,12,16,25,30,44,37,Tsakani,54
0933,28.11.2009,02,20,28,30,43,49,38,Tsakani,32
0934,02.12.2009,09,17,18,20,32,44,41,Dimakatso,24
0935,05.12.2009,20,21,22,28,41,45,47,Dimakatso,29
0936,09.12.2009,01,19,36,37,41,47,04,Mooinooi29
0937,12.12.2009,05,07,17,20,26,31,40,Dimakatso,49
0938,16.12.2009,09,10,33,36,40,48,17,Tsakani,40
0939,19.12.2009,17,18,21,22,40,45,37,Dimakatso,29
0940,23.12.2009,07,24,28,31,40,46,02,Dimakatso,44
0941,26.12.2009,06,08,12,33,39,43,27,Mooinooi38
0942,30.12.2009,15,26,28,35,36,42,08,Mooinooi48
0943,02.01.2010,02,11,15,19,28,36,21,Dimakatso,45
0944,06.01.2010,02,06,11,13,18,26,46,Dimakatso,24
0945,09.01.2010,09,10,13,17,42,45,49,Tsakani,50
0946,13.01.2010,13,25,31,34,47,49,46,Tsakani,44
0947,16.01.2010,12,28,29,34,43,46,05,Dimakatso,49
0948,20.01.2010,03,10,18,23,28,45,35,Mandlakazi48
0949,23.01.2010,07,16,22,26,29,46,31,Dimakatso,51
0950,27.01.2010,04,26,31,32,40,46,12,Dimakatso,50
0951,30.01.2010,01,04,10,33,36,42,40,Mooinooi38
0952,03.02.2010,04,06,28,31,38,49,39,Mooinooi39
0953,06.02.2010,10,16,26,29,33,41,28,Mooinooi43
0954,10.02.2010,05,13,19,21,23,29,47,Mooinooi44
0955,13.02.2010,09,24,31,36,45,47,01,Mooinooi32
0956,17.02.2010,09,18,23,26,40,49,29,Mandlakazi32
0957,20.02.2010,08,23,36,42,43,49,31,Mandlakazi51
0958,24.02.2010,05,09,11,19,20,32,12,Dimakatso,34
0959,27.02.2010,04,14,15,26,31,38,05,Mooinooi41
0960,03.03.2010,10,15,23,32,43,48,20,Dimakatso,39
0961,06.03.2010,02,16,20,27,30,48,22,Mooinooi47
0962,10.03.2010,05,18,20,21,23,41,07,Mooinooi50
0963,13.03.2010,04,07,19,28,35,39,33,Mandlakazi45
0964,17.03.2010,02,17,34,38,39,43,25,Dimakatso,28
0965,20.03.2010,07,10,13,19,30,49,42,Mandlakazi52
0966,24.03.2010,17,29,30,34,36,42,31,Mooinooi48
0967,27.03.2010,18,20,26,31,45,48,43,Mandlakazi33
0968,31.03.2010,08,23,32,41,44,46,29,Mooinooi52
0969,03.04.2010,06,23,32,40,42,49,03,Mooinooi41
0970,07.04.2010,04,06,19,27,35,41,01,Dimakatso,40
0971,10.04.2010,14,16,31,35,41,44,27,Mandlakazi47
0972,14.04.2010,06,08,17,24,45,46,12,Dimakatso,55
0973,17.04.2010,01,02,11,27,28,48,16,Mooinooi55
0974,21.04.2010,02,12,15,37,41,43,01,Mandlakazi49
0975,24.04.2010,04,05,27,42,48,49,37,Mandlakazi39
0976,28.04.2010,18,31,40,42,44,48,22,Mooinooi34
0977,01.05.2010,04,10,23,30,40,42,12,Mooinooi52
0978,05.05.2010,05,27,38,41,46,47,33,Mooinooi41
0979,08.05.2010,01,08,17,27,30,38,25,Dimakatso,32
0980,12.05.2010,01,03,11,14,26,42,05,Dimakatso,27
0981,15.05.2010,02,08,09,11,17,41,35,Mandlakazi28
0982,19.05.2010,18,20,26,30,40,42,05,Mandlakazi33
0983,22.05.2010,17,21,22,43,47,48,23,Mooinooi52
0984,26.05.2010,10,21,26,32,36,48,44,Mooinooi38
0985,29.05.2010,05,10,21,25,34,48,39,Dimakatso,29
0986,02.06.2010,01,15,34,35,43,44,10,Mooinooi41
0987,05.06.2010,04,05,09,15,26,29,16,Mooinooi27
0988,09.06.2010,13,14,27,28,42,45,03,Mooinooi48
0989,12.06.2010,16,21,24,25,39,45,04,Dimakatso,32
0990,16.06.2010,06,13,21,39,45,47,36,Mooinooi37
0991,19.06.2010,04,21,22,41,43,48,11,Dimakatso,34
0992,23.06.2010,24,26,37,41,46,49,48,Mandlakazi49
0993,26.06.2010,04,20,24,34,35,37,21,Mandlakazi43
0994,30.06.2010,08,09,16,29,36,44,35,Mandlakazi45
0995,03.07.2010,05,06,26,35,42,43,10,Dimakatso,52
0996,07.07.2010,01,11,22,25,26,44,04,Mooinooi50
0997,10.07.2010,15,25,26,29,35,44,20,Mandlakazi55
0998,14.07.2010,09,20,29,35,41,49,38,Mandlakazi54
0999,17.07.2010,07,18,24,43,44,48,36,Dimakatso,34
1000,21.07.2010,22,24,27,29,47,48,03,Mooinooi32
1001,24.07.2010,01,07,30,41,43,47,02,Dimakatso,43
1002,28.07.2010,10,11,17,23,27,45,31,Dimakatso,37
1003,31.07.2010,17,20,22,25,46,49,41,Mandlakazi34
1004,04.08.2010,01,29,31,34,35,43,46,Mooinooi49
1005,07.08.2010,16,17,31,32,42,49,02,Mandlakazi43
1006,11.08.2010,08,18,34,35,38,46,07,Mooinooi54
1007,14.08.2010,15,22,24,31,33,36,35,Mandlakazi39
1008,18.08.2010,07,12,14,22,35,46,09,Dimakatso,45
1009,21.08.2010,03,09,19,23,39,49,11,Dimakatso,33
1010,25.08.2010,18,23,37,42,44,45,07,Mandlakazi51
1011,28.08.2010,07,14,15,17,37,47,29,Dimakatso,29
1012,01.09.2010,03,08,22,24,41,45,42,Mandlakazi45
1013,04.09.2010,02,10,13,19,23,39,21,Mandlakazi44
1014,08.09.2010,01,07,25,32,42,47,34,Mandlakazi34
1015,11.09.2010,02,23,26,27,32,46,18,Mandlakazi28
1016,15.09.2010,04,11,14,38,45,47,33,Dimakatso,43
1017,18.09.2010,11,23,25,27,46,47,26,Mandlakazi45
1018,22.09.2010,16,26,32,41,44,47,37,Mandlakazi52
1019,25.09.2010,12,18,24,29,35,46,31,Mandlakazi51
1020,29.09.2010,02,12,16,29,34,47,21,Mooinooi29
1021,02.10.2010,27,28,30,31,34,47,23,Dimakatso,54
1022,06.10.2010,24,33,37,41,43,44,17,Dimakatso,49
1023,09.10.2010,15,17,20,30,36,40,03,Dimakatso,35
1024,13.10.2010,05,17,21,26,27,33,01,Mooinooi39
1025,16.10.2010,15,16,22,39,45,48,05,Mooinooi44
1026,20.10.2010,05,09,14,23,27,38,26,Mooinooi55
1027,23.10.2010,13,21,26,29,37,47,39,Dimakatso,52
1028,27.10.2010,11,17,21,25,29,41,01,Mooinooi47
1029,30.10.2010,09,22,23,25,28,38,42,Dimakatso,38
1030,03.11.2010,21,34,35,39,44,46,45,Mooinooi45
1031,06.11.2010,03,07,17,30,40,42,09,Mooinooi49
1032,10.11.2010,10,23,30,31,35,44,47,Mooinooi27
1033,13.11.2010,08,09,32,33,47,49,35,Dimakatso,41
1034,17.11.2010,10,16,23,26,32,42,06,Dimakatso,33
1035,20.11.2010,17,23,27,31,32,49,42,Mandlakazi48
1036,24.11.2010,06,07,10,13,22,41,36,Mandlakazi38
1037,27.11.2010,03,09,14,22,27,48,33,Dimakatso,50
1038,01.12.2010,03,08,15,36,44,46,24,Dimakatso,43
1039,04.12.2010,10,33,35,39,42,48,26,Mandlakazi50
1040,08.12.2010,05,06,12,17,23,29,40,Mandlakazi37
1041,11.12.2010,11,12,22,23,29,35,04,Mandlakazi35
1042,15.12.2010,01,09,11,21,22,46,17,Dimakatso,47
1043,18.12.2010,07,15,18,20,40,43,16,Dimakatso,27
1044,22.12.2010,15,18,27,32,42,45,23,Mooinooi49
1045,29.12.2010,02,12,20,22,27,41,33,Dimakatso,43
1046,01.01.2011,02,05,12,19,40,47,09,Mooinooi50
1047,05.01.2011,05,07,22,30,37,44,40,Mooinooi37
1048,08.01.2011,16,24,27,34,43,49,26,Mandlakazi34
1049,12.01.2011,14,21,25,26,30,37,17,Dimakatso,44
1050,15.01.2011,14,21,35,38,39,45,04,Mooinooi45
1051,19.01.2011,01,14,22,28,33,38,35,Mandlakazi39
1052,22.01.2011,11,25,27,33,35,39,46,Dimakatso,48
1053,26.01.2011,14,26,32,45,46,49,37,Mandlakazi43
1054,29.01.2011,01,03,10,13,21,23,48,Mandlakazi54
1055,02.02.2011,03,04,07,14,16,46,32,Mandlakazi37
1056,05.02.2011,08,14,20,36,39,41,04,Mandlakazi52
1057,09.02.2011,10,13,24,25,29,32,09,Mooinooi48
1058,12.02.2011,10,17,31,38,40,43,48,Mooinooi39
1059,16.02.2011,01,06,08,39,44,46,31,Mooinooi53
1060,19.02.2011,10,14,29,43,44,48,32,Mandlakazi55
1061,23.02.2011,08,19,21,22,25,28,06,Dimakatso,48
1062,26.02.2011,19,24,25,27,38,49,07,Dimakatso,40
1063,02.03.2011,09,19,34,40,41,44,47,Mooinooi51
1064,05.03.2011,18,20,22,26,39,44,48,Dimakatso,38
1065,09.03.2011,01,02,04,12,19,32,29,Dimakatso,32
1066,12.03.2011,06,26,38,39,47,49,40,Mooinooi37
1067,16.03.2011,08,13,17,23,31,49,45,Dimakatso,39
1068,19.03.2011,04,06,08,29,37,38,14,Mandlakazi35
1069,23.03.2011,01,12,18,24,36,43,48,Mooinooi27
1070,26.03.2011,12,13,20,26,34,37,49,Mandlakazi32
1071,30.03.2011,01,02,13,28,42,46,11,Mooinooi49
1072,02.04.2011,04,15,30,32,43,46,45,Mooinooi50
1073,06.04.2011,03,06,14,27,45,46,10,Mandlakazi33
1074,09.04.2011,18,21,30,40,41,46,10,Dimakatso,28
1075,13.04.2011,05,07,35,42,43,44,34,Mandlakazi38
1076,16.04.2011,03,29,33,34,39,46,02,Dimakatso,32
1077,20.04.2011,01,03,10,11,23,37,08,Dimakatso,37
1078,23.04.2011,11,14,15,33,36,43,41,Dimakatso,41
1079,27.04.2011,17,23,36,41,46,48,29,Dimakatso,54
1080,30.04.2011,06,16,23,32,38,43,41,Mooinooi38
1081,04.05.2011,04,07,08,16,19,36,33,Mandlakazi29
1082,07.05.2011,03,14,17,19,31,44,25,Mooinooi48
1083,11.05.2011,03,22,39,44,46,49,45,Dimakatso,32
1084,14.05.2011,08,09,21,29,37,40,05,Mooinooi39
1085,18.05.2011,09,21,35,41,45,49,30,Dimakatso,49
1086,21.05.2011,02,26,29,31,34,47,06,Mooinooi53
1087,25.05.2011,06,11,15,37,44,48,10,Mooinooi52
1088,28.05.2011,02,03,10,16,28,38,34,Mooinooi55
1089,01.06.2011,02,24,26,31,37,48,11,Mandlakazi43
1090,04.06.2011,15,18,20,23,30,49,47,Mooinooi29
1091,08.06.2011,01,09,20,27,29,31,38,Mandlakazi37
1092,11.06.2011,01,04,12,29,44,48,13,Mooinooi54
1093,15.06.2011,06,11,14,29,32,33,20,Mooinooi41
1094,18.06.2011,07,17,18,28,31,39,26,Dimakatso,41
1095,22.06.2011,12,22,23,33,34,46,25,Dimakatso,44
1096,25.06.2011,05,15,25,33,40,47,23,Dimakatso,49
1097,29.06.2011,12,13,20,21,39,46,33,Dimakatso,52
1098,02.07.2011,11,22,25,27,45,46,12,Mandlakazi27
1099,06.07.2011,08,13,22,28,35,37,15,Mandlakazi33
1100,09.07.2011,04,05,08,10,16,29,02,Dimakatso,51
1101,13.07.2011,06,19,31,34,37,40,08,Mooinooi53
1102,16.07.2011,09,11,12,20,30,32,18,Mooinooi40
1103,20.07.2011,05,21,26,34,37,47,16,Mooinooi35
1104,23.07.2011,02,18,19,20,23,29,46,Mooinooi49
1105,27.07.2011,01,03,04,21,40,44,07,Dimakatso,39
1106,30.07.2011,01,14,28,31,35,38,06,Dimakatso,52
1107,03.08.2011,04,09,13,27,33,37,16,Mooinooi53
1108,06.08.2011,23,26,30,34,41,49,08,Mandlakazi32
1109,10.08.2011,01,03,15,16,33,39,35,Mooinooi34
1110,13.08.2011,02,04,07,13,33,45,42,Mandlakazi54
1111,17.08.2011,05,12,35,40,42,46,36,Mandlakazi43
1112,20.08.2011,07,09,15,33,35,44,31,Mandlakazi35
1113,24.08.2011,15,19,23,30,36,45,22,Mooinooi33
1114,27.08.2011,02,09,18,23,29,49,33,Mooinooi34
1115,31.08.2011,11,18,25,30,33,45,13,Dimakatso,43
1116,03.09.2011,04,10,15,36,41,46,24,Dimakatso,49
1117,07.09.2011,12,18,26,33,41,47,48,Mooinooi50
1118,10.09.2011,07,11,13,15,17,30,08,Mooinooi35
1119,14.09.2011,02,25,30,33,39,43,15,Mooinooi33
1120,17.09.2011,03,10,29,44,47,48,18,Mandlakazi29
1121,21.09.2011,04,13,23,41,46,47,08,Dimakatso,39
1122,24.09.2011,11,14,31,33,41,42,26,Mandlakazi38
1123,28.09.2011,01,06,30,32,38,49,45,Mooinooi41
1124,01.10.2011,05,09,10,30,42,43,22,Dimakatso,29
1125,05.10.2011,03,19,20,37,39,46,33,Mandlakazi55
1126,08.10.2011,16,18,19,22,24,44,35,Mandlakazi32
1127,12.10.2011,01,07,31,34,37,47,02,Mooinooi43
1128,15.10.2011,15,18,35,38,39,47,43,Mandlakazi54
1129,19.10.2011,06,08,11,17,31,44,45,Dimakatso,39
1130,22.10.2011,17,20,21,24,25,45,16,Mooinooi33
1131,26.10.2011,21,28,30,31,44,45,03,Dimakatso,48
1132,29.10.2011,01,03,09,10,25,40,17,Dimakatso,41
1133,02.11.2011,02,03,06,17,28,30,48,Mandlakazi50
1134,05.11.2011,01,07,12,13,17,21,41,Dimakatso,40
1135,09.11.2011,02,08,16,17,28,33,22,Mooinooi39
1136,12.11.2011,09,11,22,33,46,49,13,Dimakatso,45
1137,16.11.2011,24,32,36,37,42,45,01,Mooinooi39
1138,19.11.2011,28,39,40,42,45,48,32,Mooinooi45
1139,23.11.2011,01,10,14,27,30,41,23,Mandlakazi29
1140,26.11.2011,08,16,20,32,39,40,07,Dimakatso,51
1141,30.11.2011,01,12,18,32,42,47,09,Mooinooi47
1142,03.12.2011,04,16,21,33,45,47,22,Mandlakazi41
1143,07.12.2011,01,06,18,36,41,49,28,Mandlakazi39
1144,10.12.2011,03,12,26,27,44,45,15,Mooinooi33
1145,14.12.2011,06,16,25,27,30,43,31,Mandlakazi55
1146,17.12.2011,06,16,25,26,27,45,35,Mandlakazi48
1147,21.12.2011,19,20,21,27,46,48,32,Mandlakazi28
1148,24.12.2011,16,18,24,25,35,45,34,Mandlakazi34
1149,28.12.2011,07,11,21,35,36,43,40,Dimakatso,54
1150,31.12.2011,11,16,24,25,28,49,46,Mandlakazi49
1151,04.01.2012,24,37,38,39,43,47,08,Mooinooi52
1152,07.01.2012,02,07,13,15,32,44,38,Mooinooi29
1153,11.01.2012,01,04,16,23,36,49,12,Dimakatso,49
1154,14.01.2012,01,21,31,34,37,45,16,Mooinooi34
1155,18.01.2012,01,04,24,31,39,40,29,Dimakatso,47
1156,21.01.2012,06,08,09,16,28,42,21,Dimakatso,32
1157,25.01.2012,10,29,33,34,36,44,04,Mooinooi40
1158,28.01.2012,06,12,23,32,34,41,04,Mooinooi41
1159,01.02.2012,04,09,13,21,35,40,15,Mandlakazi50
1160,04.02.2012,01,28,29,36,37,42,04,Mandlakazi37
1161,08.02.2012,04,08,28,33,38,40,43,Mandlakazi34
1162,11.02.2012,17,19,23,28,30,41,32,Mooinooi37
1163,15.02.2012,07,21,29,33,35,36,47,Dimakatso,39
1164,18.02.2012,18,22,34,42,45,47,36,Mooinooi41
1165,22.02.2012,10,21,25,35,46,49,11,Mandlakazi39
1166,25.02.2012,03,06,10,15,27,49,31,Mooinooi54
1167,29.02.2012,03,04,06,13,39,40,41,Mandlakazi47
1168,03.03.2012,02,05,13,20,38,42,41,Mandlakazi38
1169,07.03.2012,03,04,13,17,37,39,41,Mandlakazi51
1170,10.03.2012,10,21,29,31,41,44,26,Mandlakazi45
1171,14.03.2012,01,02,17,37,41,42,45,Mooinooi33
1172,17.03.2012,09,12,22,23,25,40,47,Dimakatso,52
1173,21.03.2012,07,10,34,42,45,49,44,Mooinooi52
1174,24.03.2012,17,23,34,35,36,44,28,Mandlakazi33
1175,28.03.2012,13,27,29,31,43,45,42,Dimakatso,41
1176,31.03.2012,01,11,22,23,29,36,49,Mandlakazi37
1177,04.04.2012,02,04,07,26,30,42,31,Dimakatso,38
1178,07.04.2012,03,16,17,21,24,37,46,Mooinooi37
1179,11.04.2012,01,02,03,27,30,45,21,Mandlakazi32
1180,14.04.2012,06,23,29,31,39,44,48,Mandlakazi41
1181,18.04.2012,03,05,38,42,47,48,02,Mooinooi43
1182,21.04.2012,11,13,23,24,33,37,20,Mandlakazi29
1183,25.04.2012,09,11,23,30,42,49,16,Mandlakazi48
1184,28.04.2012,02,03,09,29,42,49,12,Mandlakazi34
1185,02.05.2012,03,06,10,13,29,35,31,Dimakatso,51
1186,05.05.2012,03,07,16,17,25,46,19,Dimakatso,50
1187,09.05.2012,04,12,14,17,40,41,22,Tsakani,35
1188,12.05.2012,08,11,20,27,37,44,25,Dimakatso,33
1189,16.05.2012,08,10,14,26,30,48,07,Dimakatso,39
1190,19.05.2012,12,15,18,22,28,47,39,Tsakani,45
1191,23.05.2012,04,13,18,25,38,46,39,Mandlakazi29
1192,26.05.2012,06,15,25,40,42,44,36,Tsakani,41
1193,30.05.2012,07,15,17,25,41,44,21,Dimakatso,44
1194,02.06.2012,03,10,27,37,40,46,16,Tsakani,33
1195,06.06.2012,02,09,36,40,42,46,01,Tsakani,45
1196,09.06.2012,01,05,17,34,44,48,23,Tsakani,39
1197,13.06.2012,08,11,15,19,27,47,37,Mandlakazi43
1198,16.06.2012,05,17,35,38,40,42,47,Tsakani,43
1199,20.06.2012,10,11,20,27,37,43,46,Tsakani,54
1200,23.06.2012,11,12,13,14,24,36,06,Mandlakazi35
1201,27.06.2012,20,23,29,34,44,46,27,Dimakatso,27
1202,30.06.2012,02,19,38,40,42,48,16,Dimakatso,34
1203,04.07.2012,03,05,28,35,38,45,41,Mandlakazi29
1204,07.07.2012,10,16,17,19,24,32,35,Dimakatso,40
1205,11.07.2012,07,18,20,24,43,48,33,Tsakani,47
1206,14.07.2012,01,11,19,33,34,46,09,Mandlakazi28
1207,18.07.2012,08,24,34,35,36,47,21,Tsakani,38
1208,21.07.2012,02,05,21,30,38,43,03,Mandlakazi40
1209,25.07.2012,15,29,31,38,43,44,11,Tsakani,37
1210,28.07.2012,03,13,15,34,35,42,06,Mandlakazi50
1211,01.08.2012,08,15,41,42,43,44,25,Tsakani,40
1212,04.08.2012,12,13,21,23,36,46,18,Mandlakazi35
1213,08.08.2012,06,18,25,35,41,43,28,Mandlakazi45
1214,11.08.2012,08,11,24,43,47,48,46,Tsakani,32
1215,15.08.2012,03,07,13,24,28,44,08,Dimakatso,37
1216,18.08.2012,02,03,22,37,40,45,20,Dimakatso,28
1217,22.08.2012,01,10,25,28,44,45,33,Dimakatso,45
1218,25.08.2012,10,14,30,38,45,47,46,Tsakani,34
1219,29.08.2012,01,03,14,26,31,46,11,Mandlakazi40
1220,01.09.2012,26,27,28,30,44,46,01,Mandlakazi43
1221,05.09.2012,08,10,29,37,42,49,14,Tsakani,39
1222,08.09.2012,11,19,26,36,45,48,13,Dimakatso,50
1223,12.09.2012,08,10,18,21,27,38,45,Tsakani,49
1224,15.09.2012,04,09,27,29,34,40,15,Dimakatso,41
1225,19.09.2012,07,25,30,41,45,48,23,Mandlakazi38
1226,22.09.2012,18,30,33,35,42,44,11,Tsakani,52
1227,26.09.2012,11,16,20,21,31,34,04,Tsakani,37
1228,29.09.2012,01,06,30,32,40,47,34,Dimakatso,32
1229,03.10.2012,07,08,11,24,36,39,30,Mandlakazi39
1230,06.10.2012,15,24,28,42,44,47,04,Tsakani,35
1231,10.10.2012,02,03,17,28,40,41,39,Mandlakazi47
1232,13.10.2012,04,05,06,32,36,44,12,Mandlakazi43
1233,17.10.2012,02,03,07,41,43,48,13,Tsakani,41
1234,20.10.2012,01,06,07,22,33,45,25,Mandlakazi52
1235,24.10.2012,04,11,13,20,22,40,42,Tsakani,39
1236,27.10.2012,03,16,22,25,40,41,45,Dimakatso,27
1237,31.10.2012,01,03,04,13,14,42,15,Tsakani,29
1238,03.11.2012,08,26,27,32,33,35,43,Dimakatso,41
1239,07.11.2012,12,15,24,27,35,47,22,Tsakani,38
1240,10.11.2012,05,07,17,18,31,45,16,Dimakatso,51
1241,14.11.2012,04,06,08,17,27,43,36,Dimakatso,32
1242,17.11.2012,04,10,15,41,42,46,01,Tsakani,55
1243,21.11.2012,05,18,27,30,33,38,26,Dimakatso,29
1244,24.11.2012,05,13,18,30,42,47,24,Dimakatso,52
1245,28.11.2012,06,21,33,34,35,37,02,Dimakatso,43
1246,01.12.2012,07,14,17,20,24,25,39,Tsakani,48
1247,05.12.2012,03,08,38,40,44,48,05,Dimakatso,29
1248,08.12.2012,20,28,37,41,45,48,01,Mandlakazi50
1249,12.12.2012,03,05,09,13,40,46,41,Dimakatso,37
1250,15.12.2012,05,28,36,37,40,43,23,Tsakani,38
1251,19.12.2012,02,14,19,24,41,44,27,Tsakani,48
1252,22.12.2012,01,09,18,24,25,49,45,Mandlakazi39
1253,26.12.2012,04,17,19,32,39,42,29,Mandlakazi54
1254,29.12.2012,02,03,19,41,43,49,10,Tsakani,27
1255,02.01.2013,13,19,21,24,35,43,09,Dimakatso,41
1256,05.01.2013,01,06,15,21,27,42,37,Mandlakazi35
1257,09.01.2013,01,09,29,33,40,45,05,Dimakatso,32
1258,12.01.2013,04,05,31,38,42,47,32,Dimakatso,51
1259,16.01.2013,01,11,13,17,28,33,22,Dimakatso,29
1260,19.01.2013,13,18,23,27,32,46,22,Tsakani,28
1261,23.01.2013,05,07,15,22,36,44,19,Dimakatso,38
1262,26.01.2013,22,28,31,36,45,47,07,Tsakani,37
1263,30.01.2013,19,30,35,36,37,44,16,Tsakani,41
1264,02.02.2013,14,18,20,26,40,46,32,Dimakatso,33
1265,06.02.2013,04,13,14,17,30,32,43,Mooinooi38
1266,09.02.2013,11,15,25,31,35,41,47,Tsakani,40
1267,13.02.2013,08,18,23,43,45,48,09,Mooinooi45
1268,16.02.2013,06,26,33,37,39,45,15,Dimakatso,35
1269,20.02.2013,23,34,35,37,38,39,29,Dimakatso,43
1270,23.02.2013,03,19,28,32,37,44,13,Dimakatso,47
1271,27.02.2013,07,26,30,36,43,46,11,Dimakatso,50
1272,02.03.2013,06,31,32,39,45,49,47,Tsakani,35
1273,06.03.2013,16,25,29,37,39,44,04,Dimakatso,32
1274,09.03.2013,02,13,17,19,29,37,39,Mooinooi27
1275,13.03.2013,11,13,16,38,44,48,49,Mooinooi39
1276,16.03.2013,05,11,21,30,40,49,25,Mooinooi40
1277,20.03.2013,05,09,16,32,35,38,21,Mooinooi34
1278,23.03.2013,01,16,18,21,34,41,02,Mooinooi37
1279,27.03.2013,01,02,09,28,29,38,34,Tsakani,33
1280,30.03.2013,01,18,23,31,32,46,45,Dimakatso,34
1281,03.04.2013,03,12,16,22,29,45,04,Dimakatso,38
1282,06.04.2013,06,13,17,20,39,45,18,Dimakatso,45
1283,10.04.2013,02,10,12,23,24,32,14,Dimakatso,43
1284,13.04.2013,01,02,07,34,35,49,45,Mooinooi34
1285,17.04.2013,02,03,15,31,34,39,44,Dimakatso,54
1286,20.04.2013,12,19,22,32,41,45,06,Mooinooi52
1287,24.04.2013,15,19,24,26,31,37,13,Tsakani,37
1288,27.04.2013,01,07,13,22,30,45,20,Dimakatso,39
1289,01.05.2013,07,08,10,14,15,39,45,Tsakani,43
1290,04.05.2013,03,09,10,13,28,48,43,Mooinooi28
1291,08.05.2013,02,03,04,21,26,37,25,Mooinooi41
1292,11.05.2013,05,06,12,27,28,48,25,Dimakatso,43
1293,15.05.2013,04,13,22,29,34,43,11,Dimakatso,47
1294,18.05.2013,03,06,09,17,43,48,30,Mooinooi44
1295,22.05.2013,09,10,19,20,22,24,16,Mooinooi51
1296,25.05.2013,06,16,36,43,45,46,23,Dimakatso,32
1297,29.05.2013,02,23,27,31,45,46,07,Tsakani,38
1298,01.06.2013,07,12,27,28,39,49,22,Dimakatso,28
1299,05.06.2013,01,09,16,35,39,49,02,Tsakani,29
1300,08.06.2013,11,21,25,27,30,39,07,Tsakani,37
1301,12.06.2013,01,05,09,40,45,47,19,Dimakatso,34
1302,15.06.2013,06,09,15,22,34,35,08,Dimakatso,28
1303,19.06.2013,04,05,15,17,33,35,11,Mooinooi32
1304,22.06.2013,02,07,17,41,42,45,19,Mooinooi34
1305,26.06.2013,04,14,23,29,31,45,24,Dimakatso,29
1306,29.06.2013,07,23,37,44,48,49,22,Tsakani,33
1307,03.07.2013,19,20,21,29,43,47,33,Dimakatso,28
1308,06.07.2013,01,06,25,30,34,48,03,Dimakatso,27
1309,10.07.2013,08,11,17,22,40,49,09,Mooinooi52
1310,13.07.2013,04,07,11,25,29,42,47,Mooinooi35
1311,17.07.2013,05,24,30,31,32,35,26,Tsakani,33
1312,20.07.2013,08,11,32,33,34,40,41,Tsakani,39
1313,24.07.2013,23,27,29,31,34,38,30,Mooinooi47
1314,27.07.2013,02,04,08,20,28,43,25,Tsakani,52
1315,31.07.2013,06,13,29,34,40,41,08,Dimakatso,45
1316,03.08.2013,08,11,14,18,24,33,41,Mooinooi52
1317,07.08.2013,08,16,28,34,37,45,26,Tsakani,37
1318,10.08.2013,11,15,19,34,43,45,01,Tsakani,47
1319,14.08.2013,03,24,31,35,36,47,07,Mooinooi32
1320,17.08.2013,08,15,23,24,32,40,05,Dimakatso,33
1321,21.08.2013,04,12,15,26,44,45,47,Dimakatso,34
1322,24.08.2013,12,20,21,22,28,36,42,Mooinooi45
1323,28.08.2013,04,23,35,36,41,49,13,Mooinooi33
1324,31.08.2013,09,23,29,30,31,45,37,Tsakani,28
1325,04.09.2013,04,08,12,22,23,25,39,Mooinooi40
1326,07.09.2013,01,11,20,27,31,43,15,Tsakani,48
1327,11.09.2013,06,13,35,37,47,49,16,Dimakatso,39
1328,14.09.2013,30,36,37,39,40,49,11,Dimakatso,54
1329,18.09.2013,15,16,18,34,39,45,19,Mooinooi38
1330,21.09.2013,11,15,17,20,28,31,04,Mooinooi43
1331,25.09.2013,02,04,15,23,34,41,16,Dimakatso,49
1332,28.09.2013,03,06,12,23,38,48,24,Tsakani,55
1333,02.10.2013,20,21,25,33,36,46,14,Dimakatso,50
1334,05.10.2013,07,10,14,15,22,24,28,Mooinooi38
1335,09.10.2013,01,02,12,18,21,45,24,Dimakatso,39
1336,12.10.2013,17,25,33,36,42,44,03,Dimakatso,48
1337,16.10.2013,05,09,10,28,37,42,01,Dimakatso,40
1338,19.10.2013,08,11,13,14,44,47,29,Dimakatso,41
1339,23.10.2013,02,05,16,17,20,49,47,Mooinooi39
1340,26.10.2013,14,22,26,39,46,49,40,Mooinooi48
1341,30.10.2013,04,13,28,36,44,47,19,Dimakatso,51
1342,02.11.2013,15,23,28,39,41,49,11,Dimakatso,28
1343,06.11.2013,02,18,19,21,26,31,09,Dimakatso,48
1344,09.11.2013,10,20,22,29,32,44,09,Dimakatso,41
1345,13.11.2013,02,03,05,13,20,31,27,Mooinooi40
1346,16.11.2013,11,13,22,26,35,48,40,Mooinooi28
1347,20.11.2013,02,15,16,19,23,35,43,Mooinooi51
1348,23.11.2013,16,37,40,43,44,49,27,Dimakatso,53
1349,27.11.2013,01,11,20,23,36,40,15,Dimakatso,54
1350,30.11.2013,07,08,09,30,37,48,20,Tsakani,53
1351,04.12.2013,03,06,33,34,39,49,20,Mooinooi38
1352,07.12.2013,06,17,23,24,29,48,28,Tsakani,47
1353,11.12.2013,03,05,11,15,32,33,13,Tsakani,27
1354,14.12.2013,11,12,14,21,34,44,19,Dimakatso,34
1355,18.12.2013,05,06,08,25,34,43,38,Mooinooi37
1356,21.12.2013,18,22,23,31,39,42,29,Tsakani,39
1357,28.12.2013,04,05,24,26,40,48,42,Dimakatso,38
1358,01.01.2014,03,11,18,33,34,48,19,Tsakani,34
1359,04.01.2014,13,14,23,24,30,43,22,Tsakani,32
1360,08.01.2014,17,18,21,30,44,45,06,Tsakani,28
1361,11.01.2014,04,05,13,30,44,48,03,Mooinooi37
1362,15.01.2014,13,14,16,17,32,49,18,Tsakani,35
1363,18.01.2014,04,05,10,25,30,40,37,Mooinooi32
1364,22.01.2014,03,16,21,30,37,40,24,Mooinooi40
1365,25.01.2014,03,17,22,27,46,47,36,Dimakatso,39
1366,29.01.2014,17,22,23,25,26,41,42,Dimakatso,32
1367,01.02.2014,14,23,25,33,38,44,08,Tsakani,33
1368,05.02.2014,07,16,26,31,36,37,02,Mooinooi27
1369,08.02.2014,11,15,21,24,32,41,44,Tsakani,29
1370,12.02.2014,02,24,30,32,39,48,38,Tsakani,34
1371,15.02.2014,02,04,19,27,42,46,44,Dimakatso,39
1372,19.02.2014,05,38,41,42,43,44,13,Dimakatso,49
1373,22.02.2014,09,13,23,38,45,49,36,Mooinooi27
1374,26.02.2014,07,09,12,25,26,46,31,Mooinooi50
1375,01.03.2014,17,20,21,29,39,41,30,Dimakatso,51
1376,05.03.2014,09,20,24,26,35,48,39,Tsakani,29
1377,08.03.2014,10,16,18,27,39,41,35,Tsakani,51
1378,12.03.2014,17,18,19,20,33,46,38,Dimakatso,55
1379,15.03.2014,14,24,34,39,46,47,29,Tsakani,54
1380,19.03.2014,12,18,22,33,36,39,46,Tsakani,41
1381,22.03.2014,05,14,29,33,34,41,20,Tsakani,55
1382,26.03.2014,02,06,08,26,40,45,03,Mooinooi43
1383,29.03.2014,04,06,12,14,21,30,37,Dimakatso,52
1384,02.04.2014,01,03,07,09,10,47,05,Tsakani,43
1385,05.04.2014,09,20,21,29,39,49,38,Dimakatso,40
1386,09.04.2014,09,12,28,33,44,48,07,Dimakatso,38
1387,12.04.2014,06,07,19,20,25,40,46,Tsakani,43
1388,16.04.2014,12,22,23,27,37,39,21,Tsakani,27
1389,19.04.2014,07,13,14,22,23,31,40,Tsakani,29
1390,23.04.2014,11,12,22,42,45,49,23,Mooinooi41
1391,26.04.2014,11,17,31,37,42,44,02,Dimakatso,55
1392,30.04.2014,05,08,18,26,33,41,21,Mooinooi48
1393,03.05.2014,07,09,14,24,38,49,21,Tsakani,51
1394,07.05.2014,05,21,22,32,45,46,23,Tsakani,27
1395,10.05.2014,06,16,18,29,37,47,49,Tsakani,52
1396,14.05.2014,07,28,31,38,40,47,05,Tsakani,47
1397,17.05.2014,02,08,27,29,40,47,43,Mooinooi39
1398,21.05.2014,14,15,19,20,25,43,38,Mooinooi48
1399,24.05.2014,01,26,30,36,41,43,21,Tsakani,43
1400,28.05.2014,05,06,10,33,46,49,43,Tsakani,27
1401,31.05.2014,22,36,38,39,40,48,20,Tsakani,33
1402,04.06.2014,04,24,27,41,42,43,22,Tsakani,37
1403,07.06.2014,03,08,25,30,38,40,29,Mooinooi29
1404,11.06.2014,06,15,18,22,34,42,07,Mooinooi47
1405,14.06.2014,03,09,10,19,26,28,22,Dimakatso,28
1406,18.06.2014,16,31,40,42,43,44,38,Dimakatso,34
1407,21.06.2014,02,08,25,35,43,49,21,Tsakani,28
1408,25.06.2014,28,31,33,37,45,49,39,Mooinooi38
1409,28.06.2014,02,06,12,16,27,41,47,Mooinooi32
1410,02.07.2014,03,13,16,32,37,47,25,Mooinooi33
1411,05.07.2014,10,15,17,22,23,39,24,Tsakani,38
1412,09.07.2014,01,21,24,42,45,46,05,Mooinooi37
1413,12.07.2014,10,15,28,30,38,42,29,Dimakatso,48
1414,16.07.2014,02,13,16,37,41,47,26,Dimakatso,29
1415,19.07.2014,02,03,04,15,27,49,19,Tsakani,45
1416,23.07.2014,16,21,28,29,40,48,32,Mooinooi37
1417,26.07.2014,17,30,36,38,40,43,48,Tsakani,37
1418,30.07.2014,10,15,22,24,38,43,08,Tsakani,38
1419,02.08.2014,02,24,25,32,43,47,23,Mooinooi35
1420,06.08.2014,18,20,32,36,41,48,16,Dimakatso,49
1421,09.08.2014,05,09,15,20,37,44,18,Tsakani,35
1422,13.08.2014,03,09,34,37,46,48,25,Mooinooi45
1423,16.08.2014,07,13,17,30,41,48,08,Mooinooi54
1424,20.08.2014,07,12,17,20,24,31,45,Tsakani,32
1425,23.08.2014,01,12,14,26,30,40,02,Dimakatso,54
1426,27.08.2014,04,10,18,34,38,49,47,Dimakatso,28
1427,30.08.2014,01,15,16,42,44,48,03,Tsakani,35
1428,03.09.2014,14,21,24,26,31,41,38,Dimakatso,38
1429,06.09.2014,11,13,26,27,33,48,03,Tsakani,43
1430,10.09.2014,04,14,22,23,36,38,19,Tsakani,38
1431,13.09.2014,09,12,16,19,40,44,02,Mooinooi47
1432,17.09.2014,01,09,27,33,39,47,22,Dimakatso,37
1433,20.09.2014,08,14,19,21,30,38,29,Mooinooi38
1434,24.09.2014,01,06,09,19,30,43,17,Tsakani,35
1435,27.09.2014,13,17,19,44,45,49,28,Dimakatso,52
1436,01.10.2014,09,14,32,35,44,47,30,Dimakatso,41
1437,04.10.2014,03,16,22,45,46,49,29,Mooinooi33
1438,08.10.2014,04,10,13,26,28,42,47,Tsakani,28
1439,11.10.2014,02,08,17,26,30,46,36,Dimakatso,40
1440,15.10.2014,08,12,14,17,34,47,30,Mooinooi32
1441,18.10.2014,03,04,12,24,39,40,32,Dimakatso,27
1442,22.10.2014,09,15,36,41,45,48,12,Tsakani,55
1443,25.10.2014,12,15,31,34,42,49,21,Dimakatso,50
1444,29.10.2014,01,11,37,39,40,47,02,Tsakani,51
1445,01.11.2014,09,11,14,28,41,44,33,Dimakatso,47
1446,05.11.2014,13,25,40,41,43,45,08,Dimakatso,54
1447,08.11.2014,03,05,16,18,30,39,45,Tsakani,43
1448,12.11.2014,08,20,30,37,41,42,36,Tsakani,40
1449,15.11.2014,03,05,15,22,27,40,38,Tsakani,48
1450,19.11.2014,04,14,24,35,36,43,08,Mooinooi47
1451,22.11.2014,11,13,15,25,41,47,34,Dimakatso,41
1452,26.11.2014,03,04,28,40,47,48,07,Mooinooi28
1453,29.11.2014,07,09,15,20,21,47,05,Mooinooi51
1454,03.12.2014,02,07,08,27,33,44,34,Dimakatso,52
1455,06.12.2014,02,11,18,37,42,49,03,Tsakani,34
1456,10.12.2014,06,13,32,39,40,44,35,Tsakani,38
1457,13.12.2014,08,26,31,33,44,46,07,Tsakani,48
1458,17.12.2014,03,05,13,25,40,48,42,Mooinooi52
1459,20.12.2014,15,20,26,34,44,49,48,Mooinooi53
1460,24.12.2014,01,04,19,35,38,43,31,Tsakani,48
1461,27.12.2014,06,15,16,37,38,40,49,Dimakatso,55
1462,31.12.2014,06,10,12,36,42,43,21,Tsakani,54
1463,03.01.2015,09,22,23,26,37,39,12,Tsakani,48
1464,07.01.2015,11,32,33,37,40,44,36,Tsakani,45
1465,10.01.2015,08,14,18,30,45,49,28,Tsakani,37
1466,14.01.2015,04,14,18,27,35,38,36,Dimakatso,29
1467,17.01.2015,15,27,32,43,46,48,08,Dimakatso,32
1468,21.01.2015,03,05,21,23,28,47,33,Mooinooi49
1469,24.01.2015,03,16,23,26,39,46,47,Dimakatso,39
1470,28.01.2015,13,16,28,31,32,45,40,Dimakatso,41
1471,31.01.2015,04,09,25,26,28,45,46,Dimakatso,33
1472,04.02.2015,04,07,18,22,35,43,01,Mooinooi40
1473,07.02.2015,12,15,18,24,31,35,41,Mooinooi32
1474,11.02.2015,07,11,17,22,26,27,31,Dimakatso,43
1475,14.02.2015,01,04,13,18,35,44,19,Dimakatso,27
1476,18.02.2015,04,05,36,40,44,49,35,Tsakani,39
1477,21.02.2015,03,10,24,28,35,40,09,Mooinooi27
1478,25.02.2015,16,19,20,32,36,41,03,Mooinooi40
1479,28.02.2015,04,18,26,34,40,42,37,Mooinooi43
1480,04.03.2015,11,18,23,24,25,32,39,Mooinooi27
1481,07.03.2015,07,15,16,20,37,45,02,Dimakatso,45
1482,11.03.2015,07,19,23,24,32,42,17,Dimakatso,49
1483,14.03.2015,11,20,30,36,39,47,14,Tsakani,37
1484,18.03.2015,01,02,08,36,44,48,09,Mooinooi50
1485,21.03.2015,06,10,18,27,38,40,43,Dimakatso,40
1486,25.03.2015,03,10,17,23,27,43,36,Mooinooi41
1487,28.03.2015,01,28,35,36,37,38,45,Tsakani,45
1488,01.04.2015,02,06,08,15,25,26,28,Mooinooi47
1489,04.04.2015,06,23,24,26,38,46,37,Dimakatso,40
1490,08.04.2015,01,05,06,30,39,46,17,Tsakani,47
1491,11.04.2015,01,06,16,17,18,36,21,Dimakatso,27
1492,15.04.2015,04,08,23,26,27,43,46,Tsakani,33
1493,18.04.2015,01,02,03,15,18,29,09,Mooinooi39
1494,22.04.2015,05,18,23,26,29,32,31,Mooinooi54
1495,25.04.2015,03,06,29,40,44,47,04,Tsakani,33
1496,29.04.2015,06,12,32,36,37,41,20,Mooinooi39
1497,02.05.2015,14,17,22,32,36,47,29,Tsakani,32
1498,06.05.2015,03,28,29,42,45,46,16,Dimakatso,34
1499,09.05.2015,03,07,13,17,20,24,30,Tsakani,38
1500,13.05.2015,04,16,27,30,42,43,29,Mooinooi34
1501,16.05.2015,13,24,31,34,40,48,16,Tsakani,37
1502,20.05.2015,08,10,20,22,28,45,44,Mooinooi40
1503,23.05.2015,01,09,23,27,30,41,38,Mooinooi33
1504,27.05.2015,03,22,34,37,41,45,20,Tsakani,27
1505,30.05.2015,05,10,17,25,26,43,09,Mooinooi47
1506,03.06.2015,15,25,26,30,41,48,13,JOY,5,
1507,06.06.2015,07,08,11,25,27,32,04,JOY,5,
1508,10.06.2015,09,11,13,25,30,47,41,VISION5,
1509,13.06.2015,07,09,24,41,44,46,49,STARL2
1510,17.06.2015,04,08,20,27,41,43,07,STARL5
1511,20.06.2015,05,15,21,22,30,48,29,STARL3
1512,24.06.2015,12,25,41,46,47,48,35,Emergency,L3
1513,27.06.2015,01,02,27,40,41,44,26,STARL2
1514,01.07.2015,17,18,24,36,37,42,28,HOPEL2
1515,04.07.2015,12,20,22,23,31,48,30,VISIONL4
1516,08.07.2015,03,04,05,14,33,44,49,VISIONL3
1517,11.07.2015,09,11,37,39,42,47,29,JOY,L4
1518,15.07.2015,16,20,22,34,37,40,09,JOY,L2
1519,18.07.2015,13,17,25,38,42,49,43,JOY,L2
1520,22.07.2015,19,32,36,38,40,48,30,JOY,L3
1521,25.07.2015,04,06,09,22,24,27,02,HOPEL3
1522,29.07.2015,01,10,11,22,45,49,08,VISIONL5
1523,01.08.2015,09,22,29,35,36,38,18,HOPEL5
1524,05.08.2015,01,24,27,30,41,47,20,JOY,L2
1525,08.08.2015,14,21,27,39,44,46,07,STARL4
1526,12.08.2015,01,03,34,36,37,40,25,VISIONL5
1527,15.08.2015,16,28,29,30,31,46,18,STARL5
1528,19.08.2015,02,08,20,22,26,36,34,VISIONL4
1529,22.08.2015,09,25,30,33,46,49,16,JOY,L2
1530,26.08.2015,01,23,30,32,46,48,39,PRECIOUSL4
1531,29.08.2015,02,10,16,24,42,49,41,STARL2
1532,02.09.2015,01,24,32,33,34,49,07,PRECIOUSL2
1533,05.09.2015,05,07,17,32,40,44,41,PRECIOUSL4
1534,09.09.2015,06,15,23,27,31,48,34,STARL2
1535,12.09.2015,13,18,31,36,42,48,34,VISIONL2
1536,16.09.2015,06,12,15,35,44,45,46,VISIONL4
1537,19.09.2015,12,16,19,21,32,42,30,JOY,L3
1538,23.09.2015,08,26,32,40,42,47,43,VISIONL2
1539,26.09.2015,02,10,22,26,42,49,27,STARL5
1540,30.09.2015,02,22,24,27,29,31,19,VISIONL3
1541,03.10.2015,01,10,28,41,48,49,45,VISIONL2
1542,07.10.2015,04,09,13,23,30,35,43,JOY,L3
1543,10.10.2015,08,09,18,20,27,39,31,PRECIOUSL4
1544,14.10.2015,11,15,19,40,41,47,17,STARL5
1545,17.10.2015,08,25,27,37,42,46,41,JOY,L3
1546,21.10.2015,01,14,22,23,40,42,41,JOY,L2
1547,24.10.2015,09,26,28,39,41,49,20,JOY,L2
1548,28.10.2015,04,11,21,24,25,46,10,VISIONL3
1549,31.10.2015,02,03,06,23,31,47,22,JOY,L3
1550,04.11.2015,06,17,39,43,45,46,05,PRECIOUSL5
1551,07.11.2015,07,11,14,21,40,43,32,STARL2
1552,11.11.2015,12,17,18,24,30,44,26,STARL2
1553,14.11.2015,01,08,25,32,34,38,24,JOY,L2
1554,18.11.2015,18,26,28,30,32,36,31,JOY,L3
1555,21.11.2015,06,15,22,41,43,47,12,JOY,L3
1556,25.11.2015,03,08,09,14,21,46,48,VISIONL5
1557,28.11.2015,02,05,23,31,32,40,26,JOY,L5
1558,02.12.2015,17,21,25,31,32,33,45,Bliss,L4
1559,05.12.2015,01,23,34,39,44,45,35,STARL2
1560,09.12.2015,10,28,29,31,33,40,46,VISIONL3
1561,12.12.2015,04,09,15,19,22,25,26,VISIONL4
1562,16.12.2015,12,22,23,40,42,45,25,PRECIOUSL3
1563,19.12.2015,02,10,17,20,34,47,09,PRECIOUSL2
1564,23.12.2015,02,06,31,43,45,47,34,Bliss,L5
1565,26.12.2015,10,14,27,32,33,45,28,STARL2
1566,30.12.2015,04,06,15,21,35,44,43,PRECIOUSL5
1567,02.01.2016,14,22,24,28,31,33,29,WONDERL3
1568,06.01.2016,11,33,36,39,40,46,19,VISIONL4
1569,09.01.2016,06,07,22,24,28,42,30,JOY,L5
1570,13.01.2016,01,06,14,22,27,48,23,PRECIOUSL6
1571,16.01.2016,03,07,18,19,39,48,44,PRECIOUSL6
1572,20.01.2016,20,29,42,43,44,46,04,PRECIOUSL2
1573,23.01.2016,04,08,11,14,40,47,24,VISIONL5
1574,27.01.2016,13,14,15,19,22,35,10,VISIONL4
1575,30.01.2016,06,15,18,19,33,37,01,VISIONL5
1576,03.02.2016,01,07,09,16,30,47,34,VISIONL4
1577,06.02.2016,05,08,16,24,36,44,47,Bliss,L6
1578,10.02.2016,10,16,20,23,27,28,21,WONDERL3
1579,13.02.2016,06,13,27,38,39,43,40,Bliss,L7
1580,17.02.2016,02,08,19,21,28,33,07,Bliss,L8
1581,20.02.2016,06,09,19,28,36,41,38,WONDERL4
1582,24.02.2016,14,17,29,33,35,38,12,Bliss,L8
1583,27.02.2016,11,17,35,37,39,41,16,PRECIOUSL10,
1584,02.03.2016,07,10,16,27,29,37,23,PRECIOUSL7
1585,05.03.2016,02,06,24,27,32,41,21,PRECIOUSL10,
1586,09.03.2016,03,09,22,23,32,35,33,WONDERL2
1587,12.03.2016,07,15,17,40,45,48,29,JOY,L3
1588,16.03.2016,03,09,13,24,31,44,04,PRECIOUSL7
1589,19.03.2016,10,19,24,40,46,47,14,VISIONL6
1590,23.03.2016,10,11,14,25,28,31,21,VISIONL2
1591,26.03.2016,09,10,17,30,43,46,14,WONDERL2
1592,30.03.2016,01,22,24,27,39,43,19,WONDERL10,
1593,02.04.2016,07,13,19,34,39,40,23,WONDERL6
1594,06.04.2016,08,12,37,40,42,45,09,STARL9
1595,09.04.2016,02,04,06,27,31,34,14,JOY,L6
1596,13.04.2016,02,14,25,35,38,47,07,Bliss,L9
1597,16.04.2016,06,10,27,30,41,42,37,Bliss,L9
1598,20.04.2016,09,11,15,30,40,48,25,STARL2
1599,23.04.2016,01,04,10,15,24,37,07,HOPEL4
1600,27.04.2016,16,28,30,35,36,42,12,Bliss,L4
1601,30.04.2016,02,05,20,27,29,45,08,JOY,L3
1602,04.05.2016,05,11,16,21,22,27,12,WONDERL2
1603,07.05.2016,01,11,12,26,28,34,36,STARL2
1604,11.05.2016,01,11,12,13,27,38,06,JOY,L5
1605,14.05.2016,18,22,27,32,36,39,38,HOPEL6
1606,18.05.2016,10,19,26,35,39,49,41,WonderL7
1607,21.05.2016,13,18,24,33,35,46,23,Joy,L6
1608,25.05.2016,02,30,33,36,38,40,44,HopeL7
1609,28.05.2016,04,07,21,22,24,31,27,Bliss,L5
1610,01.06.2016,06,11,13,23,25,26,30,VisionL5
1611,04.06.2016,12,23,27,29,32,39,41,HopeL8
1612,08.06.2016,05,08,19,26,39,47,22,Bliss,L7
1613,11.06.2016,06,11,21,37,39,45,12,WonderL5
1614,15.06.2016,25,27,30,33,48,49,06,VisionL4
1615,18.06.2016,05,06,08,17,30,45,49,Bliss,L7
1616,22.06.2016,13,17,32,42,43,46,03,HopeL8
1617,25.06.2016,02,13,22,28,43,46,25,Bliss,L8
1618,29.06.2016,01,22,23,27,37,44,45,PreciousL8
1619,02.07.2016,07,08,15,19,33,43,24,VisionL6
1620,06.07.2016,02,09,19,29,32,40,07,VisionL6
1621,09.07.2016,03,05,08,26,29,47,13,Bliss,L9
1622,13.07.2016,14,27,34,39,43,44,22,WONDERL2
1623,16.07.2016,02,07,18,26,29,41,06,StarL5
1624,20.07.2016,06,08,25,32,33,45,49,PreciousL10,
1625,23.07.2016,14,17,25,29,33,34,02,HopeL4
1626,27.07.2016,11,17,19,35,42,49,34,Bliss,L2
1627,30.07.2016,08,25,27,35,39,43,26,Bliss,L5
1628,03.08.2016,07,18,32,35,38,47,10,PreciousL6
1629,06.08.2016,08,11,13,19,48,49,46,PreciousL6
1630,10.08.2016,05,33,38,39,43,48,32,StarL2
1631,13.08.2016,12,15,16,21,25,48,18,StarL6
1632,17.08.2016,01,08,09,25,26,38,11,VisionL10,
1633,20.08.2016,07,10,21,25,27,34,46,PreciousL2
1634,24.08.2016,14,22,33,41,42,44,16,HopeL8
1635,27.08.2016,04,17,21,25,31,40,03,VisionL9
1636,31.08.2016,10,16,38,44,45,49,46,Joy,L8
1637,03.09.2016,01,05,28,36,38,49,24,STARL7
1638,07.09.2016,04,07,24,29,40,43,23,HopeL11,
1639,10.09.2016,02,06,18,27,31,34,25,Bliss,L9
1640,14.09.2016,02,04,23,24,33,49,34,StarL9
1641,17.09.2016,06,09,14,28,32,35,19,Joy,L9
1642,21.09.2016,01,04,10,29,31,48,33,PreciousL6
1643,24.09.2016,04,23,24,27,29,42,22,VisionL7
1644,28.09.2016,08,11,12,16,30,44,18,WonderL6
1645,01.10.2016,07,12,28,40,46,49,47,Bliss,L6
1646,05.10.2016,07,15,24,26,33,37,43,StarL3
1647,08.10.2016,08,09,21,38,39,48,43,WonderL7
1648,12.10.2016,01,09,13,17,23,42,21,VisionL10,
1649,15.10.2016,14,22,32,33,37,44,47,PreciousL3
1650,19.10.2016,07,23,25,36,41,48,33,WonderL7
1651,22.10.2016,02,03,07,09,19,29,35,WonderL5
1652,26.10.2016,11,17,28,39,45,46,21,WonderL3
1653,29.10.2016,10,11,19,23,28,37,46,WonderL9
1654,02.11.2016,13,21,23,33,35,39,28,PreciousL9
1655,05.11.2016,01,18,30,32,35,49,06,VisionL9
1656,09.11.2016,08,10,12,15,26,42,32,VisionL6
1657,12.11.2016,14,22,27,37,48,49,04,StarL6
1658,16.11.2016,19,20,34,36,41,46,47,PreciousL11,
1659,19.11.2016,07,12,27,32,35,43,22,Joy,L7
1660,23.11.2016,01,06,12,28,33,36,04,WonderL7
1661,26.11.2016,11,14,15,20,22,35,01,Joy,L10,
1662,30.11.2016,04,11,22,25,38,43,19,Joy,L9
1663,03.12.2016,04,16,24,37,41,42,25,StarL9
1664,07.12.2016,01,07,09,15,25,28,46,WonderL11,
1665,10.12.2016,02,07,08,24,27,45,29,Joy,L9
1666,14.12.2016,11,14,27,30,40,45,13,WonderL10,
1667,17.12.2016,01,03,29,34,36,46,21,StarL9
1668,21.12.2016,15,17,31,32,36,43,42,PreciousL8
1669,24.12.2016,05,15,22,29,44,48,24,Joy,L8
1670,28.12.2016,05,08,14,17,33,43,09,PreciousL2
1671,31.12.2016,12,15,25,36,37,47,13,PreciousL5
1672,04.01.2017,10,16,17,26,32,40,28,StarL9
1673,07.01.2017,04,10,26,28,31,45,17,WonderL10,
1674,11.01.2017,25,30,31,33,38,39,27,Joy,L8
1675,14.01.2017,10,13,17,19,20,27,03,StarL10,
1676,18.01.2017,16,27,29,31,33,35,36,Bliss,L10,
1677,21.01.2017,13,16,19,43,46,47,37,Joy,L8
1678,25.01.2017,10,20,26,28,29,32,40,StarL8
1679,28.01.2017,12,21,23,27,37,43,18,Bliss,L10,
1680,01.02.2017,09,12,19,31,39,40,18,Bliss,L8
1681,04.02.2017,04,10,17,36,44,48,16,Joy,L2
1682,08.02.2017,02,07,12,30,31,48,28,Joy,L11,
1683,11.02.2017,11,13,15,39,44,45,40,VisionL4
1684,15.02.2017,09,28,32,37,38,42,43,
1685,18.02.2017,15,23,32,34,38,41,09,PreciousL7
1686,22.02.2017,05,27,31,35,42,49,17,Joy,L4
1687,25.02.2017,05,17,18,29,44,46,07,Joy,L7
1688,01.03.2017,03,05,14,17,24,47,23,Joy,L5
1689,04.03.2017,03,08,21,24,27,42,06,Joy,L7
1690,08.03.2017,03,08,18,34,37,43,13,StarL5
1691,11.03.2017,01,02,10,14,25,26,03,WonderL7
1692,15.03.2017,01,04,12,15,34,35,21,Joy,L2
1693,18.03.2017,01,09,22,28,46,47,39,WonderL5
1694,22.03.2017,09,17,23,31,34,48,30,PreciousL8
1695,25.03.2017,09,19,22,30,38,42,02,VisionL4
1696,29.03.2017,15,18,27,32,36,42,21,Joy,L4
1697,01.04.2017,02,12,16,31,34,39,48,PreciousL6
1698,05.04.2017,01,06,24,26,34,43,30,Joy,L4
1699,08.04.2017,01,13,24,36,41,46,19,VisionL4
1700,12.04.2017,04,08,14,21,37,45,26,Joy,L5
1701,15.04.2017,06,15,18,28,35,47,41,WonderL3
1702,19.04.2017,07,08,12,27,35,47,24,StarL6
1703,22.04.2017,06,22,36,44,48,49,45,PreciousL3
1704,26.04.2017,01,05,06,33,36,40,28,VisionL3
1705,29.04.2017,07,08,28,33,34,43,40,HopeL5
1706,03.05.2017,02,13,31,35,43,46,05,PreciousL11,
1707,06.05.2017,01,20,28,34,37,46,08,WONDERL2
1708,10.05.2017,12,29,33,34,38,46,22,PreciousL4
1709,13.05.2017,03,30,32,41,44,46,40,Bliss,L11,
1710,17.05.2017,09,11,12,25,37,38,01,StarL9
1711,20.05.2017,01,10,18,20,31,38,11,PreciousL8
1712,24.05.2017,16,26,28,31,44,48,43,Bliss,L9
1713,27.05.2017,01,23,33,34,36,40,22,HopeL6
1714,31.05.2017,02,04,18,28,33,39,23,Joy,L6
1715,03.06.2017,04,09,18,32,43,46,24,HopeL2
1716,07.06.2017,03,09,11,15,21,27,39,JOY,L10,
1717,10.06.2017,01,13,28,37,41,45,12,StarL8
1718,14.06.2017,02,04,28,32,43,46,13,BLISS,L7
1719,17.06.2017,02,17,19,32,42,47,46,Bliss,L2
1720,21.06.2017,21,32,36,37,40,41,31,HopeL8
1721,24.06.2017,06,08,10,12,27,41,43,Bliss,L10,
1722,28.06.2017,08,11,13,18,27,48,09,Bliss,L9
1723,01.07.2017,06,08,13,26,34,43,37,StarL7
1724,05.07.2017,03,11,21,26,27,42,31,VisionL9
1725,08.07.2017,01,12,23,29,34,39,13,VisionL3
1726,12.07.2017,05,09,10,19,42,45,40,Joy,L8
1727,15.07.2017,07,11,35,42,45,49,23,HopeL3
1728,19.07.2017,04,14,19,20,35,43,36,WonderL5
1729,22.07.2017,03,08,13,21,40,42,45,WonderL8
1730,26.07.2017,01,11,23,30,35,37,49,Joy,L3
1731,29.07.2017,06,22,25,28,29,48,11,BLISS,L3
1732,02.08.2017,16,20,25,36,38,52,03,HopeL12,
1733,05.08.2017,15,29,35,37,42,51,13,JOY,L15,
1734,09.08.2017,07,24,41,42,48,49,16,WONDERL13,
1735,12.08.2017,02,08,25,32,47,48,30,Bliss,L15,
1736,16.08.2017,20,27,28,30,33,50,41,StarL22,
1737,19.08.2017,07,08,11,14,18,22,26,WonderL22,
1738,23.08.2017,15,23,26,35,36,49,48,HopeL14,
1739,26.08.2017,07,11,28,34,37,38,51,BLISS,L21,
1740,30.08.2017,13,21,26,30,33,39,14,x,x,
1741,02.09.2017,12,19,24,29,38,44,14,x,x,
1742,06.09.2017,02,34,36,47,48,50,28,BLISS,L17,
1743,09.09.2017,03,26,29,35,40,42,19,RNG2RNG,
1744,13.09.2017,05,16,27,39,41,42,38,RNG2RNG,
1745,16.09.2017,07,11,14,29,45,47,44,RNG2RNG,
1746,20.09.2017,10,12,15,20,26,45,25,RNG2RNG,
1747,23.09.2017,04,05,10,14,35,38,11,RNG2RNG,
1748,27.09.2017,09,11,21,32,41,51,24,RNG2RNG,
1749,30.09.2017,07,14,21,41,47,52,32,RNG2RNG,
1750,04.10.2017,07,22,31,44,47,52,43,RNG2RNG,
1751,07.10.2017,08,22,33,36,42,50,52,RNG2RNG,
1752,11.10.2017,11,19,23,33,37,44,09,RNG2RNG,
1753,14.10.2017,08,17,27,35,36,49,01,RNG2RNG,
1754,18.10.2017,07,08,11,38,42,51,29,RNG2RNG,
1755,21.10.2017,03,17,28,29,31,43,23,RNG2RNG,
1756,25.10.2017,11,12,15,20,32,36,44,RNG2RNG,
1757,28.10.2017,24,27,35,37,40,47,07,RNG2RNG,
1758,01.11.2017,10,28,30,36,38,46,18,RNG2RNG,
1759,04.11.2017,02,07,08,18,19,51,21,RNG2RNG,
1760,08.11.2017,02,08,10,22,29,34,17,RNG2RNG,
1761,11.11.2017,05,12,27,33,44,48,11,RNG2RNG,
1762,15.11.2017,03,06,25,28,37,52,32,RNG2RNG,
1763,18.11.2017,09,17,25,29,35,36,12,RNG2RNG,
1764,22.11.2017,09,23,33,40,45,49,26,RNG2RNG,
1765,25.11.2017,05,15,16,21,24,36,32,RNG2RNG,
1766,29.11.2017,03,25,32,37,39,49,41,RNG2RNG,
1767,02.12.2017,23,29,39,45,46,52,03,RNG2RNG,
1768,06.12.2017,01,12,17,21,38,39,03,RNG2RNG,
1769,09.12.2017,21,30,35,38,39,52,19,RNG2RNG,
1770,13.12.2017,12,24,26,32,42,46,34,RNG2RNG,
1771,16.12.2017,01,02,09,19,28,40,04,RNG2RNG,
1772,20.12.2017,05,29,34,38,39,48,26,RNG2RNG,
1773,23.12.2017,06,17,19,33,34,51,11,RNG2RNG,
1774,27.12.2017,21,22,25,26,41,45,09,RNG2RNG,
1775,30.12.2017,03,11,15,37,38,48,47,RNG2RNG,
1776,03.01.2018,01,04,19,28,33,36,23,RNG2RNG,
1777,06.01.2018,06,14,17,18,38,40,32,RNG2RNG,
1778,10.01.2018,09,19,20,38,42,48,49,RNG2RNG,
1779,13.01.2018,07,10,25,33,44,50,22,RNG2RNG,
1780,17.01.2018,03,07,21,29,46,48,17,RNG2RNG,
1781,20.01.2018,06,09,23,27,31,43,48,RNG2RNG,
1782,24.01.2018,10,11,25,26,31,35,50,RNG2RNG,
1783,27.01.2018,06,10,11,21,32,52,04,RNG2RNG,
1784,31.01.2018,04,13,23,40,41,49,09,RNG2RNG,
1785,03.02.2018,03,13,16,19,40,41,35,RNG2RNG,
1786,07.02.2018,10,14,15,21,38,50,16,RNG2RNG,
1787,10.02.2018,07,12,20,36,43,47,34,RNG2RNG,
1788,14.02.2018,11,14,23,24,26,40,42,RNG2RNG,
1789,17.02.2018,01,05,08,21,29,38,42,RNG2RNG,
1790,21.02.2018,06,15,21,25,42,46,35,RNG2RNG,
1791,24.02.2018,20,34,42,43,47,49,25,RNG2RNG,
1792,28.02.2018,02,13,16,45,50,51,25,RNG2RNG,
1793,03.03.2018,02,13,23,29,32,42,52,RNG2RNG,
1794,07.03.2018,11,12,14,23,34,42,30,RNG2RNG,
1795,10.03.2018,08,24,25,31,36,37,44,RNG2RNG,
1796,14.03.2018,01,04,17,23,48,50,14,RNG2RNG,
1797,17.03.2018,02,05,17,31,46,51,48,RNG2RNG,
1798,21.03.2018,07,09,11,19,21,26,04,RNG2RNG,
1799,24.03.2018,05,21,38,43,49,52,04,RNG2RNG,
1800,28.03.2018,18,27,28,30,45,50,43,RNG2RNG,
1801,31.03.2018,30,40,41,48,50,51,33,RNG2RNG,
1802,04.04.2018,02,04,05,06,13,15,03,RNG2RNG,
1803,07.04.2018,01,02,20,28,44,47,13,RNG2RNG,
1804,11.04.2018,16,30,33,35,39,48,36,RNG2RNG,
1805,14.04.2018,04,07,14,32,33,34,27,RNG2RNG,
1806,18.04.2018,03,03,07,10,11,15,26,RNG2RNG,
1807,21.04.2018,16,19,21,37,39,41,09,RNG2RNG,
1808,25.04.2018,01,18,21,29,34,42,31,RNG2RNG,
1809,28.04.2018,07,20,23,36,41,52,50,RNG2RNG,
1810,02.05.2018,22,25,36,42,43,51,33,RNG2RNG,
1811,05.05.2018,01,14,17,30,33,40,15,RNG2RNG,
1812,09.05.2018,07,23,29,30,31,35,04,RNG2RNG,
1813,12.05.2018,12,26,35,37,44,47,33,RNG2RNG,
1814,16.05.2018,01,04,13,23,27,41,11,RNG2RNG,
1815,19.05.2018,07,12,14,25,47,48,03,RNG2RNG,
1816,23.05.2018,02,17,33,36,40,45,11,RNG2RNG,
1817,26.05.2018,06,08,12,23,27,44,32,RNG2RNG,
1818,30.05.2018,09,10,12,18,27,33,03,RNG2RNG,
1819,02.06.2018,10,11,19,33,37,49,12,RNG2RNG,
1820,06.06.2018,03,12,21,31,34,35,30,RNG2RNG,
1821,09.06.2018,05,07,14,21,26,37,23,RNG2RNG,
1822,13.06.2018,12,16,33,35,39,40,18,RNG2RNG,
1823,16.06.2018,02,06,11,22,25,31,33,RNG2RNG,
1824,20.06.2018,33,37,40,41,44,52,07,RNG2RNG,
1825,23.06.2018,04,08,12,16,31,34,21,RNG2RNG,
1826,27.06.2018,07,27,30,40,45,49,17,RNG2RNG,
1827,30.06.2018,15,22,24,39,43,52,34,RNG2RNG,
1828,04.07.2018,09,14,20,21,30,49,44,RNG2RNG,
1829,07.07.2018,05,12,17,24,41,46,04,RNG2RNG,
1830,11.07.2018,07,14,16,33,48,52,22,RNG2RNG,
1831,14.07.2018,07,28,29,33,47,51,30,RNG2RNG,
1832,18.07.2018,27,28,40,44,45,50,30,RNG2RNG,
1833,21.07.2018,01,09,23,48,50,52,24,RNG2RNG,
1834,25.07.2018,15,27,32,36,39,42,17,RNG2RNG,
1835,28.07.2018,12,15,16,25,26,41,45,RNG2RNG,
1836,01.08.2018,04,13,15,25,34,39,30,RNG2RNG,
1837,04.08.2018,07,11,33,36,38,46,29,RNG2RNG,
1838,08.08.2018,06,13,19,31,36,46,25,RNG2RNG,
1839,11.08.2018,21,23,26,27,28,34,40,RNG2RNG,
1840,15.08.2018,04,27,39,41,49,51,17,
1841,18.08.2018,01,03,07,40,42,47,36,
1842,22.08.2018,03,10,11,17,37,43,13,x,x,
1843,25.08.2018,01,26,27,39,41,49,44,x,x,
1844,29.08.2018,06,13,29,30,46,51,10,x,x,
1845,01.09.2018,03,05,23,27,34,37,35,x,x,
1846,05.09.2018,11,14,18,30,31,41,35,x,x,
1847,08.09.2018,20,26,32,36,44,52,49,x,x,
1848,12.09.2018,02,18,29,43,49,50,19,x,x,
1849,15.09.2018,12,23,40,41,44,52,47,x,x,
1850,19.09.2018,04,13,14,31,32,44,11,x,x,
1851,22.09.2018,17,24,40,43,48,52,14,x,x,
1852,26.09.2018,03,08,12,28,47,52,18,x,x,
1853,29.09.2018,08,18,34,36,40,50,29,x,x,
1854,03.10.2018,19,23,27,33,35,47,05,x,x,
1855,06.10.2018,12,19,31,45,48,51,11,x,x,
1856,10.10.2018,05,08,17,34,49,52,16,x,x,
1857,13.10.2018,30,31,42,44,47,50,02,x,x,
1858,17.10.2018,02,20,23,24,33,50,44,x,x,
1859,20.10.2018,11,27,33,37,46,48,13,x,x,
1860,24.10.2018,09,11,18,20,34,44,03,x,x,
1861,27.10.2018,15,17,21,42,51,52,34,x,x,
1862,31.10.2018,17,24,26,27,35,38,48,x,x,
1863,03.11.2018,02,24,26,32,47,49,25,x,x,
1864,07.11.2018,12,16,20,21,26,28,49,x,x,
1865,10.11.2018,06,11,17,21,49,51,34,x,x,
1866,14.11.2018,06,09,19,39,46,47,15,x,x,
1867,17.11.2018,03,05,23,44,48,49,09,x,x,
1868,21.11.2018,09,19,28,30,31,32,13,x,x,
1869,24.11.2018,22,27,34,45,48,50,43,x,x,
1870,28.11.2018,07,19,27,28,37,50,48,x,x,
1871,01.12.2018,02,18,19,27,47,52,40,x,x,
1872,05.12.2018,09,25,35,43,44,47,32,x,x,
1873,08.12.2018,05,19,31,35,42,46,01,x,x,
1874,12.12.2018,07,08,11,18,20,28,30,x,x,
1875,15.12.2018,01,08,25,40,46,49,52,x,x,
1876,19.12.2018,12,30,32,37,50,52,22,x,x,
1877,22.12.2018,01,14,18,26,38,47,33,x,x,
1878,26.12.2018,06,09,12,31,36,43,46,x,x,
1879,29.12.2018,05,08,30,38,51,52,02,x,x,
1880,02.01.2019,01,08,09,16,25,35,44,x,x,
1881,05.01.2019,03,09,10,17,21,36,25,x,x,
1882,09.01.2019,06,26,38,41,43,50,13,x,x,
1883,12.01.2019,06,20,29,38,39,44,19,x,x,
1884,16.01.2019,08,11,12,47,50,52,42,x,x,
1885,19.01.2019,14,19,31,33,35,38,01,x,x,
1886,23.01.2019,03,11,16,21,42,46,51,x,x,
1887,26.01.2019,11,18,29,37,46,48,03,x,x,
1888,30.01.2019,10,13,20,25,36,49,42,x,x,
1889,02.02.2019,11,30,40,42,44,48,21,x,x,
1890,06.02.2019,02,23,33,38,49,51,39,x,x,
1891,09.02.2019,06,12,23,40,42,52,08,x,x,
1892,13.02.2019,02,15,25,44,47,49,05,x,x,
1893,16.02.2019,08,14,15,24,31,47,50,x,x,
1894,20.02.2019,04,25,30,31,43,44,02,x,x,
1895,23.02.2019,06,09,31,34,46,50,23,x,x,
1896,27.02.2019,05,07,15,19,20,45,41,x,x,
1897,02.03.2019,09,15,18,24,31,34,46,x,x,
1898,06.03.2019,09,16,19,21,29,30,33,x,x,
1899,09.03.2019,02,08,14,23,35,39,46,x,x,
1900,13.03.2019,04,23,34,39,40,48,32,x,x,
1901,16.03.2019,10,23,27,31,41,52,03,x,x,
1902,20.03.2019,05,19,20,21,34,43,27,x,x,
1903,23.03.2019,16,24,38,40,50,52,28,x,x,
1904,27.03.2019,02,14,20,29,42,46,03,x,x,
1905,30.03.2019,11,23,33,38,40,51,30,x,x,
1906,03.04.2019,12,18,19,25,28,35,17,x,x,
1907,06.04.2019,07,11,12,22,27,36,21,x,x,
1908,10.04.2019,04,11,20,28,35,43,32,x,x,
1909,13.04.2019,19,22,24,43,49,52,01,x,x,
1910,17.04.2019,11,19,21,23,25,27,07,x,x,
1911,20.04.2019,03,13,18,20,34,39,15,x,x,
1912,24.04.2019,19,20,23,24,27,44,36,x,x,
1913,27.04.2019,08,27,34,35,37,47,28,x,x,
1914,01.05.2019,15,19,26,27,39,40,52,x,x,
1915,04.05.2019,07,08,20,27,37,44,09,x,x,
1916,08.05.2019,04,15,20,22,37,45,17,x,x,
1917,11.05.2019,18,20,23,26,41,50,21,x,x,
1918,15.05.2019,08,16,19,40,46,51,28,x,x,
1919,18.05.2019,24,28,32,35,37,52,04,x,x,
1920,22.05.2019,02,09,17,22,37,40,23,x,x,
1921,25.05.2019,02,20,21,23,32,52,41,x,x,
1922,29.05.2019,07,22,29,33,35,37,11,x,x,
1923,01.06.2019,06,07,12,13,15,38,14,x,x,
1924,05.06.2019,04,06,17,29,35,50,22,x,x,
1925,08.06.2019,09,10,15,17,33,52,11,x,x,
1926,12.06.2019,11,16,26,35,39,43,47,x,x,
1927,15.06.2019,08,20,28,37,41,43,44,x,x,
1928,19.06.2019,07,10,13,47,49,50,32,x,x,
1929,22.06.2019,07,09,12,13,29,39,14,x,x,
1930,26.06.2019,02,05,09,29,33,34,46,x,x,
1931,29.06.2019,03,16,20,33,34,45,31,x,x,
1932,03.07.2019,01,06,13,41,47,49,43,x,x,
1933,06.07.2019,18,20,29,33,34,43,28,x,x,
1934,10.07.2019,14,17,20,26,28,39,49,x,x,
1935,13.07.2019,05,10,39,48,49,50,12,x,x,
1936,17.07.2019,08,15,20,23,25,51,01,x,x,
1937,20.07.2019,17,24,29,37,47,51,25,x,x,
1938,24.07.2019,05,18,30,32,44,46,45,x,x,
1939,27.07.2019,15,19,28,29,33,48,51,x,x,
1940,31.07.2019,01,07,12,18,21,47,38,x,x,
1941,03.08.2019,05,28,41,44,45,47,13,x,x,
1942,07.08.2019,08,12,22,30,36,47,44,x,x,
1943,10.08.2019,03,13,23,28,39,41,22,x,x,
1944,14.08.2019,08,14,16,20,21,33,35,x,x,
1945,17.08.2019,01,16,27,45,46,47,29,x,x,
1946,21.08.2019,05,11,14,18,21,32,47,x,x,
1947,24.08.2019,09,11,15,25,30,42,32,x,x,
1948,28.08.2019,05,10,23,30,37,41,32,x,x,
1949,31.08.2019,06,25,30,45,49,50,09,x,x,
1950,04.09.2019,20,25,27,35,46,52,29,x,x,
1951,07.09.2019,04,07,13,25,29,49,17,x,x,
1952,11.09.2019,02,08,24,35,45,50,26,x,x,
1953,14.09.2019,07,08,27,30,38,44,13,x,x,
1954,18.09.2019,06,15,19,20,26,44,37,x,x,
1955,21.09.2019,06,08,12,30,44,48,02,x,x,
1956,25.09.2019,15,16,27,33,42,47,38,x,x,
1957,28.09.2019,15,30,33,37,38,50,43,x,x,
1958,02.10.2019,04,30,33,42,43,47,45,x,x,
1959,05.10.2019,13,14,17,27,33,46,32,x,x,
1960,09.10.2019,02,20,26,37,39,50,51,x,x,
1961,12.10.2019,02,10,12,16,17,49,24,x,x,
1962,16.10.2019,19,24,30,36,43,46,50,x,x,
1963,19.10.2019,03,09,24,39,48,51,12,x,x,
1964,23.10.2019,29,30,31,36,45,46,48,x,x,
1965,26.10.2019,12,16,19,24,31,33,23,x,x,
1966,30.10.2019,14,19,22,32,40,49,33,x,x,
1967,02.11.2019,04,08,15,19,28,44,03,x,x,
1968,06.11.2019,21,26,39,41,45,51,28,x,x,
1969,09.11.2019,06,08,15,29,41,52,44,x,x,
1970,13.11.2019,05,15,24,41,45,52,23,x,x,
1971,16.11.2019,10,12,24,32,36,39,41,x,x,
1972,20.11.2019,01,09,19,20,32,35,14,x,x,
1973,23.11.2019,01,15,25,27,34,52,49,x,x,
1974,27.11.2019,07,18,19,22,23,40,37,x,x,
1975,30.11.2019,15,28,35,37,38,44,39,x,x,
1976,04.12.2019,03,04,10,32,39,46,36,x,x,
1977,07.12.2019,08,14,20,23,28,43,37,x,x,
1978,11.12.2019,05,19,21,44,45,49,11,x,x,
1979,14.12.2019,05,10,12,36,43,44,49,x,x,
1980,18.12.2019,01,02,13,26,41,51,31,x,x,
1981,21.12.2019,14,26,33,37,44,52,50,x,x,
1982,28.12.2019,11,14,20,21,30,35,29,x,x,
1983,01.01.2020,04,11,13,27,30,34,08,x,x,
1984,04.01.2020,02,06,21,30,31,38,37,x,x,
1985,08.01.2020,09,19,34,36,46,49,44,x,x,
1986,11.01.2020,04,07,21,30,36,44,34,x,x,
1987,15.01.2020,08,12,26,34,45,52,01,x,x,
1988,18.01.2020,09,11,14,23,37,39,12,x,x,
1989,22.01.2020,05,12,18,20,28,40,14,x,x,
1990,25.01.2020,03,07,21,31,38,48,23,x,x,
1991,29.01.2020,02,16,30,36,46,52,38,x,x,
1992,01.02.2020,01,07,18,23,24,47,05,x,x,
1993,05.02.2020,13,15,24,39,45,47,44,x,x,
1994,08.02.2020,20,26,35,43,44,46,34,x,x,
1995,12.02.2020,01,05,24,29,34,44,04,x,x,
1996,15.02.2020,19,24,30,34,45,49,27,x,x,
1997,19.02.2020,21,25,34,43,50,51,20,x,x,
1998,22.02.2020,03,04,05,08,15,25,40,x,x,
1999,26.02.2020,06,17,19,30,39,48,07,x,x,
2000,29.02.2020,16,19,20,21,25,37,35,x,x,
2001,04.03.2020,05,13,28,29,43,46,25,x,x,
2002,07.03.2020,03,10,24,26,28,51,49,x,x,
2003,11.03.2020,07,15,30,34,43,49,44,x,x,
2004,14.03.2020,02,05,13,24,35,44,43,x,x,
2005,18.03.2020,12,15,17,20,42,48,03,x,x,
2006,21.03.2020,01,12,15,27,46,48,33,x,x,
2007,25.03.2020,03,12,16,20,21,36,33,x,x,
2008,28.03.2020,24,25,26,34,39,43,21,x,x,
2009,01.04.2020,01,04,08,24,32,42,02,x,x,
2010,04.04.2020,03,13,14,22,45,46,43,x,x,
2011,08.04.2020,06,26,28,31,38,47,10,x,x,
2012,11.04.2020,01,09,17,37,49,52,05,x,x,
2013,15.04.2020,11,27,28,29,33,42,15,x,x,
2014,18.04.2020,09,18,19,21,26,29,33,x,x,
2015,22.04.2020,04,10,14,28,34,43,23,x,x,
2016,25.04.2020,02,10,15,34,40,43,13,x,x,
2017,29.04.2020,20,30,34,35,42,51,48,x,x,
2018,02.05.2020,15,24,27,34,45,51,17,x,x,
2019,06.05.2020,06,07,14,30,40,50,31,x,x,
2020,09.05.2020,23,26,27,38,42,44,12,x,x,
2021,13.05.2020,10,18,21,22,30,40,24,x,x,
2022,16.05.2020,03,06,17,21,30,35,50,x,x,
2023,20.05.2020,21,26,30,35,43,45,17,x,x,
2024,23.05.2020,22,35,36,37,38,52,02,x,x,
2025,27.05.2020,09,17,25,44,48,51,18,x,x,
2026,30.05.2020,08,11,20,22,45,52,15,x,x,
2027,03.06.2020,09,23,33,36,43,52,38,x,x,
2028,06.06.2020,03,11,27,28,48,52,25,x,x,
2029,10.06.2020,08,22,23,30,39,47,52,x,x,
2030,13.06.2020,09,11,36,37,43,50,49,x,x,
2031,17.06.2020,03,05,11,18,20,24,45,x,x,
2032,20.06.2020,03,10,22,29,38,43,13,x,x,
2033,24.06.2020,02,03,14,19,47,48,32,x,x,
2034,27.06.2020,16,27,28,34,35,37,26,x,x,
2035,01.07.2020,16,24,42,46,47,50,20,x,x,
2036,04.07.2020,08,22,23,35,38,48,25,x,x,
2037,08.07.2020,19,21,33,40,42,45,09,x,x,
2038,11.07.2020,01,21,25,29,33,46,23,x,x,
2039,15.07.2020,13,17,24,28,31,52,50,x,x,
2040,18.07.2020,05,18,28,37,45,49,25,x,x,
2041,22.07.2020,06,29,33,35,47,52,26,x,x,
2042,25.07.2020,20,27,33,36,46,50,51,x,x,
2043,29.07.2020,08,12,25,26,27,43,30,x,x,
2044,01.08.2020,10,20,22,23,37,43,35,x,x,
2045,05.08.2020,01,23,35,36,39,44,16,x,x,
2046,08.08.2020,02,08,10,17,48,49,52,x,x,
2047,12.08.2020,15,19,20,22,35,36,12,x,x,
2048,15.08.2020,11,12,15,25,39,41,50,x,x,
2049,19.08.2020,05,15,16,28,31,36,09,x,x,
2050,22.08.2020,15,20,26,34,45,52,32,x,x,
2051,26.08.2020,04,07,08,23,39,46,38,x,x,
2052,29.08.2020,01,11,14,35,44,49,40,x,x,
2053,02.09.2020,11,12,31,40,43,49,16,x,x,
2054,05.09.2020,07,10,27,30,42,48,35,x,x,
2055,09.09.2020,05,19,20,30,40,49,50,x,x,
2056,12.09.2020,01,07,08,25,34,52,13,x,x,
2057,16.09.2020,18,24,25,33,39,49,20,x,x,
2058,19.09.2020,13,18,19,25,47,50,52,x,x,
2059,23.09.2020,04,26,32,34,37,49,07,x,x,
2060,26.09.2020,02,05,07,09,21,29,33,x,x,
2061,30.09.2020,11,18,22,36,42,48,01,x,x,
2062,03.10.2020,01,14,15,22,33,46,30,x,x,
2063,07.10.2020,02,08,15,32,49,51,22,x,x,
2064,10.10.2020,01,10,18,27,34,45,37,x,x,
2065,14.10.2020,02,06,07,41,47,49,46,x,x,
2066,17.10.2020,01,24,26,38,41,46,29,x,x,
2067,21.10.2020,09,13,14,26,28,49,06,x,x,
2068,24.10.2020,06,10,12,23,28,48,29,x,x,
2069,28.10.2020,09,17,23,36,48,51,07,x,x,
2070,31.10.2020,20,24,26,27,38,51,05,x,x,
2071,04.11.2020,01,12,16,21,42,49,14,x,x,
2072,07.11.2020,03,15,20,23,34,48,02,x,x,
2073,11.11.2020,12,17,22,24,43,44,15,x,x,
2074,14.11.2020,02,03,27,36,42,45,30,x,x,
2075,18.11.2020,19,22,24,30,38,43,21,x,x,
2076,21.11.2020,13,40,44,46,48,51,25,x,x,
2077,25.11.2020,12,16,19,35,38,39,06,x,x,
2078,28.11.2020,15,21,24,39,45,46,43,x,x,
2079,02.12.2020,11,22,25,27,35,43,24,x,x,
2080,05.12.2020,12,13,15,31,33,48,34,x,x,
2081,09.12.2020,02,08,33,34,37,47,25,x,x,
2082,12.12.2020,20,27,38,41,42,49,01,x,x,
2083,16.12.2020,03,04,15,24,28,34,20,x,x,
2084,19.12.2020,03,19,33,35,49,50,05,x,x,
2085,23.12.2020,11,26,28,31,44,47,34,x,x,
2086,26.12.2020,14,18,19,24,31,50,08,x,x,
2087,30.12.2020,05,10,28,30,32,36,02,x,x,
2088,02.01.2021,10,11,22,31,36,45,13,x,x,
2089,06.01.2021,06,08,11,27,41,45,51,x,x,
2090,09.01.2021,05,10,25,35,38,44,11,x,x,
2091,13.01.2021,02,06,15,34,37,51,12,x,x,
2092,16.01.2021,07,20,21,31,39,52,51,x,x,
2093,20.01.2021,07,15,16,27,39,45,24,x,x,
2094,23.01.2021,02,10,23,44,47,50,38,x,x,
2095,27.01.2021,02,14,18,33,45,46,04,x,x,
2096,30.01.2021,06,12,15,23,27,30,24,x,x,
2097,03.02.2021,14,20,22,32,38,44,27,x,x,
2098,06.02.2021,11,15,18,27,28,48,20,x,x,
2099,10.02.2021,06,17,27,29,30,37,41,x,x,
2100,13.02.2021,02,07,12,22,37,51,14,x,x,
2101,17.02.2021,02,23,39,47,49,51,34,x,x,
2102,20.02.2021,03,12,20,22,31,33,37,x,x,
2103,24.02.2021,15,21,36,42,49,52,24,x,x,
2104,27.02.2021,15,18,21,27,39,51,26,x,x,
2105,03.03.2021,05,09,13,28,30,39,14,x,x,
2106,06.03.2021,02,15,22,30,34,45,16,x,x,
2107,10.03.2021,10,24,36,37,38,47,02,x,x,
2108,13.03.2021,10,19,29,41,46,52,36,x,x,
2109,17.03.2021,10,13,19,32,38,51,47,x,x,
2110,20.03.2021,10,21,36,40,44,46,25,x,x,
2111,24.03.2021,03,22,31,40,42,48,35,x,x,
2112,27.03.2021,03,10,30,34,40,42,29,x,x,
2113,31.03.2021,04,14,18,21,22,50,29,x,x,
2114,03.04.2021,18,29,31,41,45,46,20,x,x,
2115,07.04.2021,03,15,29,31,38,45,40,x,x,
2116,10.04.2021,07,18,27,31,45,51,37,x,x,
2117,14.04.2021,03,07,13,21,34,49,50,x,x,
2118,17.04.2021,05,07,09,17,32,41,36,x,x,
2119,21.04.2021,10,18,27,30,34,36,44,x,x,
2120,24.04.2021,05,07,31,35,36,44,12,x,x,
2121,28.04.2021,30,34,36,37,39,42,02,x,x,
2122,01.05.2021,24,26,28,31,36,40,14,x,x,
2123,05.05.2021,04,08,10,14,19,30,27,x,x,
2124,08.05.2021,05,08,19,32,35,37,34,x,x,
2125,12.05.2021,04,18,25,30,32,37,33,x,x,
2126,15.05.2021,04,27,28,29,35,42,36,x,x,
2127,19.05.2021,08,10,27,28,37,40,07,x,x,
2128,22.05.2021,04,22,30,33,42,50,27,x,x,
2129,26.05.2021,02,18,28,38,46,50,04,x,x,
2130,29.05.2021,11,20,23,28,34,43,45,x,x,
2131,02.06.2021,07,15,20,33,38,45,16,x,x,
2132,05.06.2021,01,08,28,30,32,35,25,x,x,
2133,09.06.2021,12,13,19,21,44,52,30,x,x,
2134,12.06.2021,08,36,38,43,47,48,30,x,x,
2135,16.06.2021,01,07,08,25,35,44,30,x,x,
2136,19.06.2021,01,10,13,31,33,47,49,x,x,
2137,23.06.2021,08,18,28,30,37,51,06,x,x,
2138,26.06.2021,09,18,21,32,42,52,44,x,x,
2139,30.06.2021,25,27,32,38,43,46,18,x,x,
2140,03.07.2021,07,12,16,23,36,40,50,x,x,
2141,07.07.2021,06,17,21,24,37,40,41,x,x,
2142,10.07.2021,01,10,24,44,45,47,11,x,x,
2143,14.07.2021,04,13,15,19,31,38,32,x,x,
2144,17.07.2021,17,23,27,33,35,52,19,x,x,
2145,21.07.2021,17,29,49,50,51,52,15,x,x,
2146,24.07.2021,02,09,17,36,46,47,19,x,x,
2147,28.07.2021,03,15,16,20,28,32,01,x,x,
2148,31.07.2021,10,16,27,28,45,47,33,x,x,
2149,04.08.2021,06,12,15,19,39,48,25,x,x,
2150,07.08.2021,05,12,23,30,35,39,09,x,x,
2151,11.08.2021,04,06,19,34,38,49,07,x,x,
2152,14.08.2021,10,14,19,34,36,44,09,x,x,
2153,18.08.2021,11,19,38,39,40,51,15,x,x,
2154,21.08.2021,02,03,10,11,42,45,16,x,x,
2155,25.08.2021,06,12,20,23,24,25,04,x,x,
2156,28.08.2021,02,08,13,19,28,40,22,x,x,
2157,01.09.2021,03,04,08,10,11,41,16,x,x,
2158,04.09.2021,13,14,22,38,41,47,33,x,x,
2159,08.09.2021,11,18,36,38,43,45,17,x,x,
2160,11.09.2021,05,10,11,14,18,36,30,x,x,
2161,15.09.2021,07,09,13,32,33,52,31,x,x,
2162,18.09.2021,10,12,19,35,43,51,21,x,x,
2163,22.09.2021,05,28,29,48,50,52,24,x,x,
2164,25.09.2021,03,11,16,37,48,49,04,x,x,
2165,29.09.2021,03,07,10,33,42,47,20,x,x,
2166,02.10.2021,11,14,20,39,43,44,38,x,x,
2167,06.10.2021,09,16,17,41,43,45,51,x,x,
2168,09.10.2021,03,07,30,40,41,42,39,x,x,
2169,13.10.2021,06,22,23,27,32,40,28,x,x,
2170,16.10.2021,08,10,11,18,34,48,32,x,x,
2171,20.10.2021,01,06,16,18,19,43,15,x,x,
2172,23.10.2021,18,21,23,31,47,52,45,x,x,
2173,27.10.2021,12,31,38,40,44,51,24,x,x,
2174,30.10.2021,15,16,18,29,34,36,01,x,x,
2175,03.11.2021,07,10,25,34,39,48,28,x,x,
2176,06.11.2021,05,17,23,25,34,37,02,x,x,
2177,10.11.2021,11,12,13,23,49,51,05,x,x,
2178,13.11.2021,12,16,20,23,27,36,15,x,x,
2179,17.11.2021,06,07,11,15,24,37,47,x,x,
2180,20.11.2021,05,09,15,20,28,33,18,x,x,
2181,24.11.2021,14,18,20,32,39,49,28,x,x,
2182,27.11.2021,09,10,27,40,47,52,11,x,x,
2183,01.12.2021,01,29,36,40,42,45,31,x,x,
2184,04.12.2021,09,20,22,31,35,46,49,x,x,
2185,08.12.2021,15,19,27,40,43,49,39,x,x,
2186,11.12.2021,01,19,31,34,43,49,28,x,x,
2187,15.12.2021,07,10,12,18,30,41,15,x,x,
2188,18.12.2021,03,07,08,36,49,51,09,x,x,
2189,22.12.2021,02,05,08,40,46,47,50,x,x,
2190,29.12.2021,06,09,12,30,38,42,48,x,x,
2191,01.01.2022,05,31,35,41,42,43,09,x,x,
2192,05.01.2022,11,13,14,24,42,46,47,x,x,
2193,08.01.2022,05,12,20,27,30,47,03,x,x,
2194,12.01.2022,04,06,11,22,46,51,10,x,x,
2195,15.01.2022,10,26,30,38,48,51,37,x,x,
2196,19.01.2022,01,08,14,22,29,52,24,x,x,
2197,22.01.2022,03,06,34,36,37,52,25,x,x,
2198,26.01.2022,04,24,26,42,45,48,39,x,x,
2199,29.01.2022,06,15,21,33,34,44,23,x,x,
2200,02.02.2022,07,09,12,38,46,48,03,x,x,
2201,05.02.2022,05,09,25,34,37,39,03,x,x,
2202,09.02.2022,06,13,14,15,27,44,49,x,x,
2203,12.02.2022,12,27,32,43,45,49,35,x,x,
2204,16.02.2022,04,19,36,40,44,50,20,x,x,
2205,19.02.2022,01,07,11,41,42,44,14,x,x,
2206,23.02.2022,12,15,19,38,42,48,26,x,x,
2207,26.02.2022,06,12,19,28,39,52,13,x,x,
2208,19.03.2022,04,06,11,12,16,34,49,x,x,
2209,23.03.2022,05,08,15,17,32,42,48,x,x,
2210,26.03.2022,19,25,34,42,44,52,45,x,x,
2211,30.03.2022,06,14,26,29,30,51,46,x,x,
2212,02.04.2022,13,14,23,27,39,42,17,x,x,
2213,06.04.2022,01,02,06,24,30,40,48,x,x,
2214,09.04.2022,25,27,39,44,45,48,36,x,x,
2215,13.04.2022,17,20,26,31,45,48,12,x,x,
2216,16.04.2022,25,31,35,41,46,47,27,x,x,
2217,20.04.2022,02,07,14,18,23,36,33,x,x,
2218,23.04.2022,06,10,16,27,28,48,21,x,x,
2219,27.04.2022,08,10,25,30,31,32,18,x,x,
2220,30.04.2022,06,28,32,35,36,50,19,x,x,
2221,04.05.2022,11,26,28,34,39,40,24,x,x,
2222,07.05.2022,10,15,16,25,29,34,35,x,x,
2223,11.05.2022,10,17,22,29,35,47,46,x,x,
2224,14.05.2022,18,20,24,29,39,49,43,x,x,
2225,18.05.2022,10,19,20,29,41,51,06,x,x,
2226,21.05.2022,03,19,22,23,33,43,24,x,x,
2227,25.05.2022,08,23,32,39,47,50,44,x,x,
2228,28.05.2022,12,16,20,22,47,48,51,x,x,
2229,01.06.2022,01,07,10,19,28,46,24,x,x,
2230,04.06.2022,11,29,40,47,48,50,23,x,x,
2231,08.06.2022,12,25,32,39,45,49,03,x,x,
2232,11.06.2022,01,03,14,23,26,44,36,x,x,
2233,15.06.2022,02,05,08,15,25,37,26,x,x,
2234,18.06.2022,02,20,22,34,49,51,40,x,x,
2235,22.06.2022,01,16,29,30,32,33,18,x,x,
2236,25.06.2022,13,17,20,30,41,46,27,x,x,
2237,29.06.2022,05,14,25,35,44,47,20,x,x,
2238,02.07.2022,06,22,27,42,47,50,08,x,x,
2239,06.07.2022,08,16,22,27,28,29,05,x,x,
2240,09.07.2022,03,11,21,30,39,45,24,x,x,
2241,13.07.2022,15,20,26,34,46,50,37,x,x,
2242,16.07.2022,05,14,21,35,40,46,04,x,x,
2243,20.07.2022,06,12,28,37,43,49,22,x,x,
2244,23.07.2022,23,27,32,34,35,50,12,x,x,
2245,27.07.2022,15,24,25,28,34,42,05,x,x,
2246,30.07.2022,08,15,17,18,38,42,14,x,x,
2247,03.08.2022,01,08,12,27,51,52,18,x,x,
2248,06.08.2022,04,08,14,16,24,47,07,x,x,
2249,10.08.2022,17,20,26,40,47,49,05,x,x,
2250,13.08.2022,08,16,22,27,33,34,36,x,x,
2251,17.08.2022,07,11,12,23,45,52,27,x,x,
2252,20.08.2022,04,37,40,41,45,49,44,x,x,
2253,24.08.2022,06,08,13,14,17,50,02,x,x,
2254,27.08.2022,06,16,19,29,37,39,52,x,x,
2255,31.08.2022,16,18,20,22,29,47,44,x,x,
2256,03.09.2022,02,04,05,07,13,49,25,x,x,
2257,07.09.2022,23,24,28,31,42,49,43,x,x,
2258,10.09.2022,08,09,13,17,33,38,26,x,x,
2259,14.09.2022,14,18,22,23,37,46,26,x,x,
2260,17.09.2022,04,12,17,18,19,25,08,x,x,
2261,21.09.2022,03,12,14,19,35,45,06,x,x,
2262,24.09.2022,11,13,14,18,40,47,36,x,x,
2263,28.09.2022,11,19,26,33,36,37,12,x,x,
2264,01.10.2022,01,08,18,34,42,48,37,x,x,
2265,05.10.2022,04,09,15,16,39,51,17,x,x,
2266,08.10.2022,08,20,24,35,44,52,33,x,x,
2267,12.10.2022,17,23,33,42,44,45,36,x,x,
2268,15.10.2022,17,19,26,28,31,42,21,x,x,
2269,19.10.2022,32,35,40,45,46,49,06,x,x,
2270,22.10.2022,13,18,27,28,29,50,24,x,x,
2271,26.10.2022,10,14,20,21,33,45,03,x,x,
2272,29.10.2022,04,11,19,23,32,44,25,x,x,
2273,02.11.2022,01,06,10,14,16,45,13,x,x,
2274,05.11.2022,02,11,18,39,51,52,15,x,x,
2275,09.11.2022,05,14,18,37,42,43,35,x,x,
2276,12.11.2022,19,20,27,44,45,52,15,x,x,
2277,16.11.2022,06,11,21,26,34,44,08,x,x,
2278,19.11.2022,10,16,18,25,33,51,49,x,x,
2279,23.11.2022,02,03,06,36,47,49,10,x,x,
2280,26.11.2022,03,16,22,29,41,46,44,x,x,
2281,30.11.2022,06,22,38,39,42,48,31,x,x,
2282,03.12.2022,03,07,14,15,32,49,23,x,x,
2283,07.12.2022,04,06,07,16,26,51,52,x,x,
2284,10.12.2022,02,11,16,24,45,46,49,x,x,
2285,14.12.2022,12,32,35,46,47,52,50,x,x,
2286,17.12.2022,08,16,18,19,24,34,42,x,x,
2287,21.12.2022,23,28,33,44,46,48,49,x,x,
2288,24.12.2022,26,33,39,40,48,52,07,x,x,
2294,28.12.2022,07,22,36,48,49,50,41,x,x,
2295,31.12.2022,10,18,23,27,38,50,25,x,x,
2296,04.01.2023,01,21,22,32,38,41,26,x,x,
2297,07.01.2023,06,08,12,13,26,41,46,x,x,
2298,11.01.2023,09,30,38,41,45,52,07,x,x,
2299,14.01.2023,01,08,10,33,42,44,23,x,x,
2300,18.01.2023,08,16,27,38,39,50,33,x,x,
2301,21.01.2023,05,09,20,35,40,45,16,x,x,
2302,25.01.2023,06,14,21,31,36,50,46,x,x,
2303,28.01.2023,07,17,24,32,33,34,08,x,x,
2304,01.02.2023,07,13,14,37,43,45,20,x,x,
2305,04.02.2023,01,03,13,24,29,52,28,x,x,
2306,08.02.2023,19,24,29,35,38,49,13,x,x,
2307,11.02.2023,07,16,25,26,34,43,02,x,x,
2308,15.02.2023,06,35,36,40,49,51,26,x,x,
2309,18.02.2023,02,15,33,40,41,49,46,x,x,
2310,22.02.2023,05,20,26,34,40,45,12,x,x,
2311,25.02.2023,11,12,15,20,29,47,49,x,x,
2312,01.03.2023,06,17,20,44,47,50,15,x,x,
2313,04.03.2023,02,23,25,28,43,45,20,x,x,
2314,08.03.2023,18,24,31,37,41,49,48,x,x,
2315,11.03.2023,01,28,36,38,45,50,02,x,x,
2316,15.03.2023,08,15,29,46,49,51,05,x,x,
2317,18.03.2023,15,23,27,33,38,39,49,x,x,
2318,22.03.2023,12,25,32,40,44,52,09,x,x,
2319,25.03.2023,10,13,21,25,40,49,22,x,x,
2320,29.03.2023,05,08,19,36,37,51,49,x,x,
2321,01.04.2023,13,24,33,34,38,47,12,x,x,
2322,05.04.2023,06,14,16,23,33,51,05,x,x,
2323,08.04.2023,04,18,39,45,49,52,46,x,x,
2324,12.04.2023,05,14,30,35,37,52,49,x,x,
2325,15.04.2023,02,06,11,37,47,51,23,x,x,
2326,19.04.2023,09,14,21,39,40,41,31,x,x,
2327,22.04.2023,02,08,10,17,20,26,22,x,x,
2328,26.04.2023,08,11,12,32,37,42,21,x,x,
2329,29.04.2023,04,20,26,30,39,51,44,x,x,
2330,03.05.2023,06,10,30,34,42,44,22,x,x,
2331,06.05.2023,02,04,26,42,49,51,14,x,x,
2332,10.05.2023,11,23,29,35,41,46,22,x,x,
2333,13.05.2023,26,29,32,38,39,46,35,x,x,
2334,17.05.2023,04,16,26,30,35,44,03,x,x,
2335,20.05.2023,21,22,35,36,49,50,33,x,x,
2336,24.05.2023,08,09,19,22,34,38,20,x,x,
2337,27.05.2023,02,04,07,37,44,50,05,x,x,
2338,31.05.2023,04,16,19,23,27,43,44,x,x,
2339,03.06.2023,01,06,14,34,39,49,27,x,x,
2340,07.06.2023,02,03,09,13,17,39,41,x,x,
2341,10.06.2023,03,18,19,26,27,47,25,x,x,
2342,14.06.2023,12,22,28,29,38,45,46,x,x,
2343,17.06.2023,04,13,19,33,36,51,46,x,x,
2344,21.06.2023,02,08,13,19,28,35,40,x,x,
2345,24.06.2023,18,23,26,35,36,43,05,x,x,
2346,28.06.2023,01,07,31,33,38,49,41,x,x,
2347,01.07.2023,01,15,19,44,47,50,05,x,x,
2348,05.07.2023,07,09,25,45,46,48,02,x,x,
2349,08.07.2023,20,21,38,40,41,51,27,x,x,
2350,12.07.2023,12,27,37,40,41,42,22,x,x,
2351,15.07.2023,04,15,27,29,42,46,24,x,x,
2352,19.07.2023,18,30,37,43,44,47,16,x,x,
2353,22.07.2023,05,11,25,26,42,47,16,x,x,
2354,26.07.2023,01,17,19,32,45,52,05,x,x,
2355,29.07.2023,10,14,19,20,24,48,30,x,x,
2356,02.08.2023,09,10,16,21,27,29,08,x,x,
2357,05.08.2023,03,12,21,23,32,38,48,x,x,
2358,09.08.2023,04,10,15,33,38,46,13,x,x,
2359,12.08.2023,12,26,28,29,37,48,04,x,x,
2360,16.08.2023,11,18,30,32,36,43,07,x,x,
2361,19.08.2023,07,29,37,39,40,43,49,x,x,
2362,23.08.2023,08,11,12,14,27,30,10,x,x,
2363,26.08.2023,16,26,34,35,40,42,52,x,x,
2364,30.08.2023,09,14,15,22,43,48,47,x,x,
2365,02.09.2023,05,15,17,36,39,50,04,x,x,
2366,06.09.2023,03,04,11,21,22,44,07,x,x,
2367,09.09.2023,06,15,22,29,31,46,16,x,x,
2368,13.09.2023,01,03,06,13,43,46,51,x,x,
2369,16.09.2023,07,09,12,27,38,46,15,x,x,
2370,20.09.2023,05,22,25,33,40,52,11,x,x,
2371,23.09.2023,20,25,35,39,42,51,46,x,x,
2372,27.09.2023,08,10,24,37,48,51,27,x,x,
2373,30.09.2023,01,18,24,25,28,48,15,x,x,
2374,04.10.2023,06,10,14,18,19,35,27,x,x,
2375,07.10.2023,18,21,41,42,44,51,49,x,x,
2376,11.10.2023,05,20,34,42,43,47,23,x,x,
2377,14.10.2023,02,04,17,18,33,51,45,x,x,
2378,18.10.2023,15,20,21,25,40,42,03,x,x,
2379,21.10.2023,10,12,14,46,49,51,44,x,x,
2380,25.10.2023,28,29,33,36,43,50,06,x,x,
2381,28.10.2023,11,19,23,34,39,52,25,x,x,
2382,01.11.2023,01,11,23,32,36,45,46,x,x,
2383,04.11.2023,01,03,14,22,26,49,39,x,x,
2384,08.11.2023,01,07,09,22,25,51,47,x,x,
2385,11.11.2023,06,07,12,20,27,33,42,x,x,
2386,15.11.2023,04,07,10,26,44,47,46,x,x,
2387,18.11.2023,06,15,23,28,41,49,39,x,x,
2388,22.11.2023,02,05,12,21,25,26,46,x,x,
2389,25.11.2023,18,23,25,42,44,52,35,x,x,
2390,29.11.2023,25,27,31,32,46,51,20,x,x,
2391,02.12.2023,15,18,21,28,47,49,08,x,x,
2392,06.12.2023,06,26,32,42,43,48,14,x,x,
2393,09.12.2023,11,18,25,28,45,46,32,x,x,
2394,13.12.2023,08,09,27,34,39,46,32,x,x,
2395,16.12.2023,01,14,15,27,29,32,25,x,x,
2396,20.12.2023,08,25,30,38,46,48,20,x,x,
2397,23.12.2023,11,19,28,31,38,49,24,x,x,
2398,27.12.2023,01,06,14,19,27,33,15,x,x,
2399,30.12.2023,02,13,18,21,26,46,34,x,x,
2400,03.01.2024,13,15,28,41,42,44,34,x,x,
2401,06.01.2024,06,13,27,37,38,46,10,x,x,
2402,10.01.2024,03,07,21,22,29,39,16,x,x,
2403,13.01.2024,04,10,17,20,37,43,51,x,x,
2404,17.01.2024,20,30,32,40,47,52,41,x,x,
2405,20.01.2024,09,28,37,39,46,52,08,x,x,
2406,24.01.2024,20,21,36,37,38,51,50,x,x,
2407,27.01.2024,06,07,16,17,26,41,48,x,x,
2408,31.01.2024,02,05,06,14,32,50,48,x,x,
2409,03.02.2024,02,14,19,27,28,33,15,x,x,
2410,07.02.2024,06,08,18,34,36,52,12,x,x,
2411,10.02.2024,03,07,12,22,26,41,30,x,x,
2412,14.02.2024,03,10,11,28,32,38,41,x,x,
2413,17.02.2024,02,03,10,17,33,50,14,x,x,
2414,21.02.2024,10,20,37,44,46,52,23,x,x,
2415,24.02.2024,03,08,13,22,24,41,46,x,x,
2416,28.02.2024,01,02,09,13,44,45,10,x,x,
2417,02.03.2024,05,08,12,15,44,46,02,x,x,
2418,06.03.2024,14,25,27,35,43,52,41,x,x,
2419,09.03.2024,01,03,13,22,31,47,08,x,x,
2420,13.03.2024,01,06,11,21,44,48,20,x,x,
2421,16.03.2024,06,10,22,41,42,49,15,x,x,
2422,20.03.2024,09,15,17,29,33,47,24,x,x,
2423,23.03.2024,14,26,34,38,48,52,06,x,x,
2424,27.03.2024,06,27,29,43,44,49,33,x,x,
2425,30.03.2024,02,06,22,29,32,50,25,x,x,
2426,03.04.2024,08,23,38,39,47,49,51,x,x,
2427,06.04.2024,10,15,17,18,25,41,31,x,x,
2428,10.04.2024,07,20,26,40,48,50,12,x,x,
2429,13.04.2024,15,23,30,34,45,49,22,x,x,
2430,17.04.2024,01,07,21,34,39,41,48,x,x,
2431,20.04.2024,01,07,08,21,33,39,29,x,x,
2432,24.04.2024,03,23,25,27,47,51,37,x,x,
2433,01.05.2024,03,07,21,37,44,46,40,x,x,
2434,04.05.2024,27,29,35,43,49,50,51,x,x,
2435,08.05.2024,06,15,23,38,43,52,39,x,x,
2436,11.05.2024,04,06,19,30,34,51,08,x,x,
2437,15.05.2024,03,13,30,32,42,46,17,x,x,
2438,18.05.2024,24,40,42,43,49,52,27,x,x,
2439,22.05.2024,05,09,19,27,29,32,42,x,x,
2440,25.05.2024,07,18,22,26,30,31,44,x,x,
2441,29.05.2024,19,20,42,44,50,52,28,x,x,
2442,01.06.2024,08,22,29,41,49,50,28,x,x,
2443,05.06.2024,09,30,38,40,48,50,11,x,x,
2444,08.06.2024,04,31,32,36,44,47,11,x,x,
2445,12.06.2024,03,06,08,15,18,27,42,x,x,
2446,15.06.2024,21,23,29,42,48,52,25,x,x,
2447,19.06.2024,06,12,17,31,33,44,04,x,x,
2448,22.06.2024,02,03,13,22,26,41,24,x,x,
2449,26.06.2024,07,09,18,25,44,46,13,x,x,
