0001,10.03.2019,01,07,11,18,34,x,x,
0002,11.03.2019,07,10,19,24,32,x,x,
0003,12.03.2019,11,16,17,29,32,x,x,
0004,13.03.2019,04,10,16,21,35,x,x,
0005,14.03.2019,01,05,09,26,32,x,x,
0006,15.03.2019,09,10,12,25,27,x,x,
0007,16.03.2019,02,05,16,18,19,x,x,
0008,17.03.2019,05,09,15,21,36,x,x,
0009,18.03.2019,01,18,29,33,36,x,x,
0010,19.03.2019,07,09,11,19,26,x,x,
0011,20.03.2019,02,16,19,29,33,x,x,
0012,21.03.2019,02,07,10,14,23,x,x,
0013,22.03.2019,09,12,17,33,35,x,x,
0014,23.03.2019,03,07,10,13,17,x,x,
0015,24.03.2019,01,21,24,28,29,x,x,
0016,25.03.2019,10,11,12,19,23,x,x,
0017,26.03.2019,02,09,13,30,32,x,x,
0018,27.03.2019,04,05,10,12,25,x,x,
0019,28.03.2019,07,20,30,31,34,x,x,
0020,29.03.2019,01,05,06,27,31,x,x,
0021,30.03.2019,16,17,24,25,30,x,x,
0022,31.03.2019,01,15,23,25,26,x,x,
0023,01.04.2019,03,10,23,25,36,x,x,
0024,02.04.2019,05,21,22,26,32,x,x,
0025,03.04.2019,08,14,16,33,34,x,x,
0026,04.04.2019,01,03,10,16,36,x,x,
0027,05.04.2019,13,15,27,35,36,x,x,
0028,06.04.2019,04,17,24,25,36,x,x,
0029,07.04.2019,06,20,23,34,35,x,x,
0030,08.04.2019,11,13,15,19,31,x,x,
0031,09.04.2019,06,16,24,30,31,x,x,
0032,10.04.2019,05,10,15,24,29,x,x,
0033,11.04.2019,01,07,14,19,29,x,x,
0034,12.04.2019,04,08,19,34,36,x,x,
0035,13.04.2019,05,18,30,33,34,x,x,
0036,14.04.2019,03,17,23,24,26,x,x,
0037,15.04.2019,04,05,19,28,33,x,x,
0038,16.04.2019,02,07,17,24,27,x,x,
0039,17.04.2019,08,23,27,32,34,x,x,
0040,18.04.2019,10,12,14,20,22,x,x,
0041,19.04.2019,03,05,15,19,24,x,x,
0042,20.04.2019,03,06,24,30,36,x,x,
0043,21.04.2019,01,02,07,09,29,x,x,
0044,22.04.2019,09,16,20,21,30,x,x,
0045,23.04.2019,02,08,11,35,36,x,x,
0046,24.04.2019,08,12,18,19,24,x,x,
0047,25.04.2019,04,14,19,28,33,x,x,
0048,26.04.2019,01,23,28,33,34,x,x,
0049,27.04.2019,13,18,21,28,29,x,x,
0050,28.04.2019,18,26,30,32,34,x,x,
0051,29.04.2019,05,15,16,25,36,x,x,
0052,30.04.2019,03,05,20,25,28,x,x,
0053,01.05.2019,02,04,06,29,33,x,x,
0054,02.05.2019,05,08,14,16,24,x,x,
0055,03.05.2019,05,08,24,27,35,x,x,
0056,04.05.2019,11,15,17,25,26,x,x,
0057,05.05.2019,05,26,29,32,34,x,x,
0058,06.05.2019,14,16,25,29,32,x,x,
0059,07.05.2019,03,11,12,22,25,x,x,
0060,08.05.2019,06,07,15,21,22,x,x,
0061,09.05.2019,08,13,18,19,34,x,x,
0062,10.05.2019,05,09,19,26,31,x,x,
0063,11.05.2019,06,07,11,28,36,x,x,
0064,12.05.2019,01,06,17,33,36,x,x,
0065,13.05.2019,08,16,24,28,32,x,x,
0066,14.05.2019,04,06,20,22,25,x,x,
0067,15.05.2019,06,07,13,17,32,x,x,
0068,16.05.2019,05,14,18,33,34,x,x,
0069,17.05.2019,10,15,20,26,29,x,x,
0070,18.05.2019,07,15,21,31,33,x,x,
0071,19.05.2019,01,12,21,33,34,x,x,
0072,20.05.2019,11,22,25,28,31,x,x,
0073,21.05.2019,02,12,26,28,34,x,x,
0074,22.05.2019,06,11,14,15,25,x,x,
0075,23.05.2019,01,16,17,29,36,x,x,
0076,24.05.2019,02,09,11,20,31,x,x,
0077,25.05.2019,06,10,21,31,34,x,x,
0078,26.05.2019,09,15,16,27,30,x,x,
0079,27.05.2019,02,05,17,19,21,x,x,
0080,28.05.2019,09,13,14,15,25,x,x,
0081,29.05.2019,19,20,28,32,33,x,x,
0082,30.05.2019,05,06,11,23,30,x,x,
0083,31.05.2019,02,04,25,35,36,x,x,
0084,01.06.2019,12,14,19,26,34,x,x,
0085,02.06.2019,03,16,18,24,25,x,x,
0086,03.06.2019,03,06,10,22,23,x,x,
0087,04.06.2019,16,22,29,33,35,x,x,
0088,05.06.2019,06,09,20,28,36,x,x,
0089,06.06.2019,15,17,30,35,36,x,x,
0090,07.06.2019,06,15,23,24,28,x,x,
0091,08.06.2019,05,18,28,31,36,x,x,
0092,09.06.2019,13,22,32,34,35,x,x,
0093,10.06.2019,07,22,25,28,35,x,x,
0094,11.06.2019,04,13,14,18,30,x,x,
0095,12.06.2019,06,17,20,33,34,x,x,
0096,13.06.2019,03,18,19,27,34,x,x,
0097,14.06.2019,01,02,04,18,32,x,x,
0098,15.06.2019,13,15,21,28,33,x,x,
0099,16.06.2019,08,14,20,29,33,x,x,
0100,17.06.2019,08,09,17,20,28,x,x,
0101,18.06.2019,03,10,12,25,32,x,x,
0102,19.06.2019,04,08,17,18,30,x,x,
0103,20.06.2019,19,23,26,28,33,x,x,
0104,21.06.2019,07,14,26,27,35,x,x,
0105,22.06.2019,02,11,25,33,35,x,x,
0106,23.06.2019,07,14,15,23,24,x,x,
0107,24.06.2019,04,07,19,23,30,x,x,
0108,25.06.2019,01,03,04,16,18,x,x,
0109,26.06.2019,15,26,32,33,36,x,x,
0110,27.06.2019,04,06,25,31,36,x,x,
0111,28.06.2019,08,09,10,21,36,x,x,
0112,29.06.2019,01,05,09,15,27,x,x,
0113,30.06.2019,04,10,17,21,27,x,x,
0114,01.07.2019,02,10,13,26,33,x,x,
0115,02.07.2019,08,13,14,28,35,x,x,
0116,03.07.2019,01,07,09,24,26,x,x,
0117,04.07.2019,01,03,05,18,35,x,x,
0118,05.07.2019,02,20,24,27,33,x,x,
0119,06.07.2019,02,11,12,16,24,x,x,
0120,07.07.2019,02,06,09,13,25,x,x,
0121,08.07.2019,04,08,13,20,31,x,x,
0122,09.07.2019,15,22,24,27,31,x,x,
0123,10.07.2019,07,09,23,26,27,x,x,
0124,12.07.2019,06,08,19,21,24,x,x,
0125,13.07.2019,02,03,09,31,32,x,x,
0126,14.07.2019,11,23,26,27,33,x,x,
0127,15.07.2019,08,16,20,22,30,x,x,
0128,16.07.2019,08,11,18,25,26,x,x,
0129,17.07.2019,04,19,29,32,35,x,x,
0130,18.07.2019,04,20,28,29,36,x,x,
0131,19.07.2019,06,10,11,28,31,x,x,
0132,20.07.2019,09,13,22,31,35,x,x,
0133,21.07.2019,09,14,20,29,35,x,x,
0134,22.07.2019,06,09,15,24,28,x,x,
0135,23.07.2019,02,06,17,26,34,x,x,
0136,24.07.2019,05,14,18,28,29,x,x,
0137,25.07.2019,02,05,13,16,21,x,x,
0138,26.07.2019,13,19,27,35,36,x,x,
0139,27.07.2019,03,18,19,31,35,x,x,
0140,28.07.2019,02,03,10,12,35,x,x,
0141,29.07.2019,06,14,15,17,33,x,x,
0142,30.07.2019,01,07,12,13,25,x,x,
0143,31.07.2019,05,11,13,19,35,x,x,
0144,01.08.2019,12,21,25,33,36,x,x,
0145,02.08.2019,03,15,21,29,32,x,x,
0146,03.08.2019,13,14,27,29,34,x,x,
0147,04.08.2019,03,08,21,30,35,x,x,
0148,05.08.2019,10,15,20,23,36,x,x,
0149,06.08.2019,10,13,15,24,28,x,x,
0150,07.08.2019,07,09,15,16,26,x,x,
0151,08.08.2019,03,06,07,21,29,x,x,
0152,09.08.2019,14,15,16,17,27,x,x,
0153,10.08.2019,03,13,22,28,32,x,x,
0154,11.08.2019,05,14,20,26,34,x,x,
0155,12.08.2019,06,15,17,23,30,x,x,
0156,13.08.2019,02,12,26,28,33,x,x,
0157,14.08.2019,07,18,21,28,31,x,x,
0158,15.08.2019,02,09,23,32,36,x,x,
0159,16.08.2019,04,19,21,24,34,x,x,
0160,17.08.2019,02,05,08,16,26,x,x,
0161,18.08.2019,02,06,15,16,29,x,x,
0162,19.08.2019,02,09,11,18,20,x,x,
0163,20.08.2019,01,02,22,31,35,x,x,
0164,21.08.2019,06,13,21,26,32,x,x,
0165,22.08.2019,07,18,23,29,32,x,x,
0166,23.08.2019,07,20,23,29,35,x,x,
0167,24.08.2019,16,23,26,27,33,x,x,
0168,25.08.2019,12,15,16,17,18,x,x,
0169,26.08.2019,17,27,28,29,36,x,x,
0170,27.08.2019,02,05,12,27,29,x,x,
0171,28.08.2019,14,20,22,26,31,x,x,
0172,29.08.2019,02,05,09,13,34,x,x,
0173,30.08.2019,17,24,26,33,36,x,x,
0174,31.08.2019,06,08,13,22,29,x,x,
0175,01.09.2019,02,03,16,29,36,x,x,
0176,02.09.2019,14,17,24,26,33,x,x,
0177,03.09.2019,01,04,10,18,30,x,x,
0178,04.09.2019,05,20,23,24,36,x,x,
0179,05.09.2019,01,09,12,22,29,x,x,
0180,06.09.2019,06,10,25,26,27,x,x,
0181,07.09.2019,02,04,14,25,29,x,x,
0182,08.09.2019,10,12,15,19,27,x,x,
0183,09.09.2019,03,10,12,19,23,x,x,
0184,10.09.2019,01,03,11,15,33,x,x,
0185,11.09.2019,01,16,21,26,32,x,x,
0186,12.09.2019,04,06,20,24,29,x,x,
0187,13.09.2019,05,25,29,30,33,x,x,
0188,14.09.2019,08,11,14,15,35,x,x,
0189,15.09.2019,02,03,09,12,27,x,x,
0190,16.09.2019,11,12,21,23,27,x,x,
0191,17.09.2019,12,20,27,34,36,x,x,
0192,18.09.2019,10,12,15,23,25,x,x,
0193,19.09.2019,10,12,15,16,23,x,x,
0194,20.09.2019,07,23,26,31,34,x,x,
0195,21.09.2019,14,17,23,28,29,x,x,
0196,22.09.2019,02,10,14,25,27,x,x,
0197,23.09.2019,02,20,21,29,30,x,x,
0198,24.09.2019,10,27,31,34,35,x,x,
0199,25.09.2019,04,12,13,23,28,x,x,
0200,26.09.2019,03,11,14,24,27,x,x,
0201,27.09.2019,19,21,22,28,33,x,x,
0202,28.09.2019,08,09,28,31,33,x,x,
0203,29.09.2019,06,12,13,19,31,x,x,
0204,30.09.2019,03,04,08,18,25,x,x,
0205,01.10.2019,11,17,27,28,34,x,x,
0206,02.10.2019,02,17,26,32,33,x,x,
0207,03.10.2019,06,07,13,21,23,x,x,
0208,04.10.2019,01,03,09,26,32,x,x,
0209,05.10.2019,03,06,09,24,33,x,x,
0210,06.10.2019,02,08,10,12,27,x,x,
0211,07.10.2019,21,22,24,25,36,x,x,
0212,08.10.2019,13,15,24,27,31,x,x,
0213,09.10.2019,13,20,29,32,35,x,x,
0214,10.10.2019,05,06,22,28,36,x,x,
0215,11.10.2019,10,11,14,22,24,x,x,
0216,12.10.2019,01,17,18,28,36,x,x,
0217,13.10.2019,05,07,08,25,27,x,x,
0218,14.10.2019,06,11,19,22,31,x,x,
0219,15.10.2019,09,15,18,25,27,x,x,
0220,16.10.2019,02,09,17,22,25,x,x,
0221,17.10.2019,04,18,20,25,31,x,x,
0222,18.10.2019,02,13,15,18,36,x,x,
0223,19.10.2019,08,11,16,26,30,x,x,
0224,20.10.2019,06,16,17,19,34,x,x,
0225,21.10.2019,19,27,28,29,34,x,x,
0226,22.10.2019,02,08,18,23,32,x,x,
0227,23.10.2019,04,17,21,29,30,x,x,
0228,24.10.2019,01,03,10,32,35,x,x,
0229,25.10.2019,10,16,19,29,31,x,x,
0230,26.10.2019,02,09,22,33,36,x,x,
0231,27.10.2019,05,06,07,09,28,x,x,
0232,28.10.2019,18,23,28,34,36,x,x,
0233,29.10.2019,02,05,06,07,09,x,x,
0234,30.10.2019,18,21,24,30,32,x,x,
0235,31.10.2019,12,15,17,21,36,x,x,
0236,01.11.2019,06,09,15,22,30,x,x,
0237,02.11.2019,02,12,20,24,31,x,x,
0238,03.11.2019,06,21,24,28,36,x,x,
0239,04.11.2019,06,08,21,33,34,x,x,
0240,05.11.2019,05,09,13,25,35,x,x,
0241,06.11.2019,02,16,20,22,28,x,x,
0242,07.11.2019,03,05,19,30,32,x,x,
0243,08.11.2019,13,23,30,32,33,x,x,
0244,09.11.2019,01,02,07,32,36,x,x,
0245,10.11.2019,10,20,23,32,34,x,x,
0246,11.11.2019,09,13,26,31,34,x,x,
0247,12.11.2019,02,07,09,14,30,x,x,
0248,13.11.2019,07,13,17,23,25,x,x,
0249,14.11.2019,08,12,15,21,26,x,x,
0250,15.11.2019,05,07,16,26,31,x,x,
0251,16.11.2019,01,02,09,19,31,x,x,
0252,17.11.2019,06,16,18,23,33,x,x,
0253,18.11.2019,07,14,20,24,36,x,x,
0254,19.11.2019,21,23,25,27,34,x,x,
0255,20.11.2019,04,08,19,24,30,x,x,
0256,21.11.2019,04,11,12,21,23,x,x,
0257,22.11.2019,06,15,19,22,32,x,x,
0258,23.11.2019,11,22,27,29,31,x,x,
0259,24.11.2019,06,12,19,27,34,x,x,
0260,25.11.2019,04,08,18,19,34,x,x,
0261,26.11.2019,02,07,15,26,35,x,x,
0262,27.11.2019,09,25,34,35,36,x,x,
0263,28.11.2019,04,12,17,28,34,x,x,
0264,29.11.2019,22,23,28,33,36,x,x,
0265,30.11.2019,16,22,26,29,34,x,x,
0266,01.12.2019,03,04,14,26,30,x,x,
0267,02.12.2019,01,21,30,31,36,x,x,
0268,03.12.2019,04,08,22,25,33,x,x,
0269,04.12.2019,03,06,09,10,11,x,x,
0270,05.12.2019,01,16,21,33,36,x,x,
0271,06.12.2019,02,21,29,30,36,x,x,
0272,07.12.2019,08,09,22,28,35,x,x,
0273,08.12.2019,06,08,09,22,36,x,x,
0274,09.12.2019,04,14,22,25,27,x,x,
0275,10.12.2019,05,07,19,31,33,x,x,
0276,11.12.2019,05,09,11,15,23,x,x,
0277,12.12.2019,11,20,27,31,36,x,x,
0278,13.12.2019,06,09,21,24,36,x,x,
0279,14.12.2019,05,06,07,22,34,x,x,
0280,15.12.2019,04,19,20,30,35,x,x,
0281,16.12.2019,08,10,20,22,27,x,x,
0282,17.12.2019,05,12,16,20,25,x,x,
0283,18.12.2019,05,11,21,32,35,x,x,
0284,19.12.2019,01,05,09,15,23,x,x,
0285,20.12.2019,03,07,20,21,35,x,x,
0286,21.12.2019,03,17,24,31,34,x,x,
0287,22.12.2019,02,12,13,22,35,x,x,
0288,23.12.2019,05,11,19,21,36,x,x,
0289,24.12.2019,08,11,16,22,25,x,x,
0290,26.12.2019,06,12,23,25,36,x,x,
0291,27.12.2019,04,13,16,27,35,x,x,
0292,28.12.2019,23,29,30,31,32,x,x,
0293,29.12.2019,04,12,16,34,36,x,x,
0294,30.12.2019,07,13,14,17,30,x,x,
0295,31.12.2019,02,04,05,26,29,x,x,
0296,01.01.2020,14,17,21,22,29,x,x,
0297,02.01.2020,01,06,16,24,34,x,x,
0298,03.01.2020,09,14,18,26,30,x,x,
0299,04.01.2020,04,14,24,28,30,x,x,
0300,05.01.2020,05,18,21,23,34,x,x,
0301,06.01.2020,08,14,25,26,28,x,x,
0302,07.01.2020,02,03,24,26,35,x,x,
0303,08.01.2020,06,08,09,11,20,x,x,
0304,09.01.2020,08,11,16,24,27,x,x,
0305,10.01.2020,01,11,12,27,35,x,x,
0306,11.01.2020,06,07,21,25,36,x,x,
0307,12.01.2020,22,26,29,33,35,x,x,
0308,13.01.2020,01,03,10,17,21,x,x,
0309,14.01.2020,07,11,19,28,32,x,x,
0310,15.01.2020,06,08,11,12,22,x,x,
0311,16.01.2020,12,17,31,35,36,x,x,
0312,17.01.2020,09,10,24,31,34,x,x,
0313,18.01.2020,01,09,10,16,17,x,x,
0314,19.01.2020,02,09,10,13,25,x,x,
0315,20.01.2020,05,08,16,33,34,x,x,
0316,21.01.2020,05,21,25,30,32,x,x,
0317,22.01.2020,04,06,07,14,25,x,x,
0318,23.01.2020,06,18,24,28,30,x,x,
0319,24.01.2020,01,11,16,24,31,x,x,
0320,25.01.2020,03,05,07,10,15,x,x,
0321,26.01.2020,03,06,12,17,29,x,x,
0322,27.01.2020,07,12,19,32,36,x,x,
0323,28.01.2020,06,12,22,30,34,x,x,
0324,29.01.2020,03,05,21,32,35,x,x,
0325,30.01.2020,02,06,29,32,35,x,x,
0326,31.01.2020,07,09,14,15,36,x,x,
0327,01.02.2020,04,05,07,12,23,x,x,
0328,02.02.2020,04,08,14,29,35,x,x,
0329,03.02.2020,05,06,12,28,36,x,x,
0330,04.02.2020,01,04,14,20,25,x,x,
0331,05.02.2020,07,24,25,27,34,x,x,
0332,06.02.2020,02,04,06,09,12,x,x,
0333,07.02.2020,06,13,27,34,36,x,x,
0334,08.02.2020,01,05,15,35,36,x,x,
0335,09.02.2020,09,11,18,24,29,x,x,
0336,10.02.2020,04,14,22,25,27,x,x,
0337,11.02.2020,12,13,15,26,28,x,x,
0338,12.02.2020,03,08,12,23,30,x,x,
0339,13.02.2020,05,06,10,16,22,x,x,
0340,14.02.2020,04,06,13,14,29,x,x,
0341,15.02.2020,01,20,22,24,30,x,x,
0342,16.02.2020,02,25,29,32,33,x,x,
0343,17.02.2020,05,19,21,22,32,x,x,
0344,18.02.2020,07,08,23,30,32,x,x,
0345,19.02.2020,04,06,14,26,29,x,x,
0346,20.02.2020,03,05,12,27,33,x,x,
0347,21.02.2020,10,12,15,25,29,x,x,
0348,22.02.2020,05,18,20,27,34,x,x,
0349,23.02.2020,04,05,11,12,27,x,x,
0350,24.02.2020,09,14,29,31,33,x,x,
0351,25.02.2020,05,08,10,13,19,x,x,
0352,26.02.2020,11,21,29,32,33,x,x,
0353,27.02.2020,03,05,19,25,26,x,x,
0354,28.02.2020,10,29,30,31,35,x,x,
0355,29.02.2020,07,16,20,28,35,x,x,
0356,01.03.2020,02,08,10,15,23,x,x,
0357,02.03.2020,04,13,14,20,34,x,x,
0358,03.03.2020,04,10,16,18,33,x,x,
0359,04.03.2020,09,12,28,34,36,x,x,
0360,05.03.2020,19,20,21,33,34,x,x,
0361,06.03.2020,04,05,10,22,29,x,x,
0362,07.03.2020,03,15,16,21,30,x,x,
0363,08.03.2020,09,15,28,32,34,x,x,
0364,09.03.2020,10,14,16,31,36,x,x,
0365,10.03.2020,02,11,13,17,20,x,x,
0366,11.03.2020,02,08,10,24,30,x,x,
0367,12.03.2020,02,12,18,32,36,x,x,
0368,13.03.2020,03,12,13,20,35,x,x,
0369,14.03.2020,16,20,29,32,33,x,x,
0370,15.03.2020,01,12,13,34,36,x,x,
0371,16.03.2020,01,03,05,14,22,x,x,
0372,17.03.2020,02,10,15,16,20,x,x,
0373,18.03.2020,03,05,06,11,36,x,x,
0374,19.03.2020,02,14,16,32,33,x,x,
0375,20.03.2020,03,09,18,19,22,x,x,
0376,21.03.2020,05,11,15,31,36,x,x,
0377,22.03.2020,02,05,20,23,30,x,x,
0378,23.03.2020,07,11,19,24,35,x,x,
0379,24.03.2020,09,13,22,31,34,x,x,
0380,25.03.2020,02,07,10,15,22,x,x,
0381,26.03.2020,22,24,31,32,36,x,x,
0382,27.03.2020,07,15,21,27,33,x,x,
0383,28.03.2020,04,10,14,25,32,x,x,
0384,29.03.2020,04,06,13,25,26,x,x,
0385,30.03.2020,06,14,16,27,30,x,x,
0386,31.03.2020,02,07,20,21,35,x,x,
0387,01.04.2020,05,08,11,20,32,x,x,
0388,02.04.2020,10,11,14,15,29,x,x,
0389,03.04.2020,02,12,24,25,31,x,x,
0390,04.04.2020,01,02,19,26,33,x,x,
0391,05.04.2020,06,11,20,29,36,x,x,
0392,06.04.2020,08,22,26,33,35,x,x,
0393,07.04.2020,07,11,12,23,24,x,x,
0394,08.04.2020,02,09,17,20,32,x,x,
0395,09.04.2020,10,21,32,34,36,x,x,
0396,10.04.2020,05,14,16,27,29,x,x,
0397,11.04.2020,05,11,14,21,29,x,x,
0398,12.04.2020,01,05,10,25,29,x,x,
0399,13.04.2020,23,24,27,31,33,x,x,
0400,14.04.2020,01,14,19,25,36,x,x,
0401,15.04.2020,03,15,23,26,36,x,x,
0402,16.04.2020,15,18,19,21,31,x,x,
0403,17.04.2020,01,06,29,30,31,x,x,
0404,18.04.2020,02,04,08,15,22,x,x,
0405,19.04.2020,07,10,14,17,30,x,x,
0406,20.04.2020,04,10,23,27,36,x,x,
0407,21.04.2020,05,07,19,22,25,x,x,
0408,22.04.2020,03,08,22,23,28,x,x,
0409,23.04.2020,01,07,14,17,22,x,x,
0410,24.04.2020,01,13,20,26,28,x,x,
0411,25.04.2020,09,12,29,31,34,x,x,
0412,26.04.2020,05,09,29,30,36,x,x,
0413,27.04.2020,09,11,13,14,19,x,x,
0414,28.04.2020,01,03,17,21,22,x,x,
0415,29.04.2020,01,16,19,20,29,x,x,
0416,30.04.2020,04,06,15,33,35,x,x,
0417,01.05.2020,01,12,18,19,24,x,x,
0418,02.05.2020,04,17,21,26,31,x,x,
0419,03.05.2020,12,18,22,24,26,x,x,
0420,04.05.2020,07,10,25,26,33,x,x,
0421,05.05.2020,03,06,21,26,29,x,x,
0422,06.05.2020,12,28,34,35,36,x,x,
0423,07.05.2020,09,12,24,25,34,x,x,
0424,08.05.2020,20,25,28,34,35,x,x,
0425,09.05.2020,14,15,19,21,32,x,x,
0426,10.05.2020,03,07,10,22,35,x,x,
0427,11.05.2020,12,13,28,30,31,x,x,
0428,12.05.2020,05,15,18,20,31,x,x,
0429,13.05.2020,06,15,18,27,31,x,x,
0430,14.05.2020,02,11,12,22,28,x,x,
0431,15.05.2020,03,12,14,16,29,x,x,
0432,16.05.2020,07,14,16,22,32,x,x,
0433,17.05.2020,03,13,14,17,24,x,x,
0434,18.05.2020,07,16,18,19,30,x,x,
0435,19.05.2020,19,24,25,27,31,x,x,
0436,20.05.2020,16,24,26,28,33,x,x,
0437,21.05.2020,08,13,15,21,25,x,x,
0438,22.05.2020,02,15,27,31,33,x,x,
0439,23.05.2020,03,09,12,13,31,x,x,
0440,24.05.2020,11,19,20,21,23,x,x,
0441,25.05.2020,15,25,27,34,36,x,x,
0442,26.05.2020,05,12,14,17,25,x,x,
0443,27.05.2020,01,19,22,34,36,x,x,
0444,28.05.2020,09,12,20,25,26,x,x,
0445,29.05.2020,09,13,15,20,34,x,x,
0446,30.05.2020,05,12,14,20,23,x,x,
0447,31.05.2020,12,23,25,27,34,x,x,
0448,01.06.2020,08,14,15,22,36,x,x,
0449,02.06.2020,07,08,23,34,36,x,x,
0450,03.06.2020,13,21,24,25,26,x,x,
0451,04.06.2020,04,13,22,25,33,x,x,
0452,05.06.2020,01,05,09,27,34,x,x,
0453,06.06.2020,03,05,06,08,23,x,x,
0454,07.06.2020,17,22,23,28,33,x,x,
0455,08.06.2020,02,15,28,31,32,x,x,
0456,09.06.2020,01,23,31,35,36,x,x,
0457,10.06.2020,02,05,09,12,22,x,x,
0458,11.06.2020,01,18,29,30,36,x,x,
0459,12.06.2020,03,05,25,26,35,x,x,
0460,13.06.2020,03,08,19,22,26,x,x,
0461,14.06.2020,02,07,12,30,33,x,x,
0462,15.06.2020,18,21,28,29,30,x,x,
0463,16.06.2020,04,09,18,22,32,x,x,
0464,17.06.2020,14,15,18,25,30,x,x,
0465,18.06.2020,12,14,19,22,30,x,x,
0466,19.06.2020,09,14,24,28,36,x,x,
0467,20.06.2020,02,05,07,08,25,x,x,
0468,21.06.2020,12,28,33,35,36,x,x,
0469,22.06.2020,06,12,20,33,34,x,x,
0470,23.06.2020,04,14,15,27,31,x,x,
0471,24.06.2020,18,25,26,27,31,x,x,
0472,25.06.2020,05,09,25,29,33,x,x,
0473,26.06.2020,01,09,13,15,23,x,x,
0474,27.06.2020,13,24,29,34,35,x,x,
0475,28.06.2020,01,13,22,23,27,x,x,
0476,29.06.2020,04,08,29,31,35,x,x,
0477,30.06.2020,10,21,22,28,30,x,x,
0478,01.07.2020,05,24,33,35,36,x,x,
0479,02.07.2020,10,17,25,27,29,x,x,
0480,03.07.2020,07,11,17,33,34,x,x,
0481,04.07.2020,04,25,30,34,35,x,x,
0482,05.07.2020,02,16,21,23,28,x,x,
0483,06.07.2020,01,08,09,12,26,x,x,
0484,07.07.2020,01,25,30,31,35,x,x,
0485,08.07.2020,02,10,17,33,35,x,x,
0486,09.07.2020,01,05,10,25,33,x,x,
0487,10.07.2020,13,22,29,33,36,x,x,
0488,11.07.2020,14,15,20,24,32,x,x,
0489,12.07.2020,04,12,14,18,29,x,x,
0490,13.07.2020,01,21,23,27,32,x,x,
0491,14.07.2020,07,09,10,28,32,x,x,
0492,15.07.2020,03,10,18,20,28,x,x,
0493,16.07.2020,01,13,14,35,36,x,x,
0494,17.07.2020,10,12,25,31,32,x,x,
0495,18.07.2020,01,02,09,26,35,x,x,
0496,19.07.2020,11,12,18,27,29,x,x,
0497,20.07.2020,01,11,14,20,23,x,x,
0498,21.07.2020,01,07,24,29,34,x,x,
0499,22.07.2020,01,05,16,22,26,x,x,
0500,23.07.2020,16,25,27,29,30,x,x,
0501,24.07.2020,03,11,20,22,34,x,x,
0502,25.07.2020,01,06,07,15,31,x,x,
0503,26.07.2020,09,25,32,35,36,x,x,
0504,27.07.2020,14,19,23,26,35,x,x,
0505,28.07.2020,10,24,29,31,36,x,x,
0506,29.07.2020,06,08,10,30,33,x,x,
0507,30.07.2020,01,05,12,14,34,x,x,
0508,31.07.2020,02,08,11,17,18,x,x,
0509,01.08.2020,04,06,18,21,33,x,x,
0510,02.08.2020,04,05,11,13,27,x,x,
0511,03.08.2020,08,14,15,16,33,x,x,
0512,04.08.2020,06,09,11,26,35,x,x,
0513,05.08.2020,03,08,11,12,26,x,x,
0514,06.08.2020,06,17,25,30,31,x,x,
0515,07.08.2020,12,13,22,31,34,x,x,
0516,08.08.2020,30,31,32,34,36,x,x,
0517,09.08.2020,01,05,06,10,21,x,x,
0518,10.08.2020,04,20,29,32,33,x,x,
0519,11.08.2020,04,13,20,22,30,x,x,
0520,12.08.2020,01,02,04,18,30,x,x,
0521,13.08.2020,01,06,13,29,31,x,x,
0522,14.08.2020,01,10,12,19,29,x,x,
0523,15.08.2020,10,16,21,24,34,x,x,
0524,16.08.2020,09,25,27,28,34,x,x,
0525,17.08.2020,13,14,15,24,31,x,x,
0526,18.08.2020,11,17,19,20,30,x,x,
0527,19.08.2020,01,08,09,19,36,x,x,
0528,20.08.2020,24,26,30,31,32,x,x,
0529,21.08.2020,03,06,12,32,36,x,x,
0530,22.08.2020,03,13,16,22,27,x,x,
0531,23.08.2020,07,16,21,26,36,x,x,
0532,24.08.2020,03,13,18,19,28,x,x,
0533,25.08.2020,16,20,29,33,35,x,x,
0534,26.08.2020,09,17,24,30,35,x,x,
0535,27.08.2020,01,15,30,33,34,x,x,
0536,28.08.2020,05,08,12,17,30,x,x,
0537,29.08.2020,15,18,23,24,36,x,x,
0538,30.08.2020,03,05,13,15,25,x,x,
0539,31.08.2020,01,18,22,26,36,x,x,
0540,01.09.2020,14,17,23,31,32,x,x,
0541,02.09.2020,05,14,20,22,25,x,x,
0542,03.09.2020,08,14,16,22,27,x,x,
0543,04.09.2020,05,09,14,16,17,x,x,
0544,05.09.2020,12,14,22,23,25,x,x,
0545,06.09.2020,18,20,30,32,34,x,x,
0546,07.09.2020,01,03,16,30,34,x,x,
0547,08.09.2020,04,08,09,18,30,x,x,
0548,09.09.2020,12,21,28,29,35,x,x,
0549,10.09.2020,03,10,17,21,29,x,x,
0550,11.09.2020,02,16,25,26,32,x,x,
0551,12.09.2020,01,11,16,18,35,x,x,
0552,13.09.2020,14,16,18,23,29,x,x,
0553,14.09.2020,07,16,31,32,35,x,x,
0554,15.09.2020,18,28,29,32,34,x,x,
0555,16.09.2020,03,04,08,23,34,x,x,
0556,17.09.2020,15,18,19,25,30,x,x,
0557,18.09.2020,03,06,12,25,30,x,x,
0558,19.09.2020,09,16,22,25,28,x,x,
0559,20.09.2020,04,15,18,24,36,x,x,
0560,21.09.2020,02,03,09,28,35,x,x,
0561,22.09.2020,03,05,12,20,28,x,x,
0562,23.09.2020,09,13,27,30,35,x,x,
0563,24.09.2020,12,17,24,28,29,x,x,
0564,25.09.2020,02,07,20,24,25,x,x,
0565,26.09.2020,08,10,16,30,34,x,x,
0566,27.09.2020,04,12,19,21,29,x,x,
0567,28.09.2020,06,09,31,33,36,x,x,
0568,29.09.2020,02,08,09,20,32,x,x,
0569,30.09.2020,04,08,13,25,32,x,x,
0570,01.10.2020,01,06,13,20,21,x,x,
0571,02.10.2020,02,15,16,17,27,x,x,
0572,03.10.2020,06,12,24,25,27,x,x,
0573,04.10.2020,06,10,13,18,20,x,x,
0574,05.10.2020,08,09,18,24,26,x,x,
0575,06.10.2020,17,22,26,27,33,x,x,
0576,07.10.2020,04,07,14,19,30,x,x,
0577,08.10.2020,14,19,20,27,33,x,x,
0578,09.10.2020,07,25,26,31,32,x,x,
0579,10.10.2020,10,13,16,33,35,x,x,
0580,11.10.2020,08,10,15,28,30,x,x,
0581,12.10.2020,03,06,12,16,29,x,x,
0582,13.10.2020,05,07,23,29,34,x,x,
0583,14.10.2020,17,22,29,30,32,x,x,
0584,15.10.2020,02,10,13,21,29,x,x,
0585,16.10.2020,01,07,13,14,23,x,x,
0586,17.10.2020,18,22,24,32,35,x,x,
0587,18.10.2020,09,10,25,34,35,x,x,
0588,19.10.2020,04,12,19,20,36,x,x,
0589,20.10.2020,06,23,24,27,33,x,x,
0590,21.10.2020,01,05,10,14,23,x,x,
0591,22.10.2020,07,08,16,26,36,x,x,
0592,23.10.2020,08,10,21,22,28,x,x,
0593,24.10.2020,11,15,24,28,30,x,x,
0594,25.10.2020,01,08,14,31,33,x,x,
0595,26.10.2020,06,18,21,27,32,x,x,
0596,27.10.2020,08,18,23,25,27,x,x,
0597,28.10.2020,05,10,11,22,34,x,x,
0598,29.10.2020,04,13,17,26,27,x,x,
0599,30.10.2020,18,19,20,21,36,x,x,
0600,31.10.2020,01,20,25,30,35,x,x,
0601,01.11.2020,06,08,13,29,32,x,x,
0602,02.11.2020,01,07,09,14,22,x,x,
0603,03.11.2020,02,15,17,22,36,x,x,
0604,04.11.2020,18,21,24,30,31,x,x,
0605,05.11.2020,08,22,24,27,29,x,x,
0606,06.11.2020,01,10,28,31,32,x,x,
0607,07.11.2020,07,23,24,32,34,x,x,
0608,08.11.2020,10,18,19,25,29,x,x,
0609,09.11.2020,01,13,14,24,30,x,x,
0610,10.11.2020,26,27,32,33,35,x,x,
0611,11.11.2020,02,10,19,21,28,x,x,
0612,12.11.2020,03,12,18,32,33,x,x,
0613,13.11.2020,08,14,23,31,32,x,x,
0614,14.11.2020,01,20,25,29,35,x,x,
0615,15.11.2020,09,11,12,19,36,x,x,
0616,16.11.2020,03,06,25,27,33,x,x,
0617,17.11.2020,18,21,26,29,34,x,x,
0618,18.11.2020,12,13,31,35,36,x,x,
0619,19.11.2020,12,16,25,33,35,x,x,
0620,20.11.2020,04,05,16,32,34,x,x,
0621,21.11.2020,11,15,19,30,35,x,x,
0622,22.11.2020,11,20,25,26,36,x,x,
0623,23.11.2020,02,11,13,22,30,x,x,
0624,24.11.2020,04,05,12,13,35,x,x,
0625,25.11.2020,01,04,15,22,32,x,x,
0626,26.11.2020,05,12,16,17,29,x,x,
0627,27.11.2020,01,12,26,28,32,x,x,
0628,28.11.2020,05,09,14,25,28,x,x,
0629,29.11.2020,10,14,25,27,35,x,x,
0630,30.11.2020,01,03,06,31,35,x,x,
0631,01.12.2020,01,09,14,15,33,x,x,
0632,02.12.2020,08,09,14,15,20,x,x,
0633,03.12.2020,05,10,13,17,21,x,x,
0634,04.12.2020,05,12,20,24,27,x,x,
0635,05.12.2020,04,17,18,26,32,x,x,
0636,06.12.2020,08,16,17,20,22,x,x,
0637,07.12.2020,03,18,23,26,27,x,x,
0638,08.12.2020,02,06,17,25,30,x,x,
0639,09.12.2020,11,19,23,24,35,x,x,
0640,10.12.2020,01,02,03,11,14,x,x,
0641,11.12.2020,08,12,26,28,35,x,x,
0642,12.12.2020,03,06,23,30,36,x,x,
0643,13.12.2020,01,03,15,23,36,x,x,
0644,14.12.2020,14,19,25,27,33,x,x,
0645,15.12.2020,05,06,12,19,36,x,x,
0646,16.12.2020,12,14,16,28,32,x,x,
0647,17.12.2020,01,02,05,24,28,x,x,
0648,18.12.2020,06,17,21,26,27,x,x,
0649,19.12.2020,19,24,27,28,29,x,x,
0650,20.12.2020,01,03,08,18,36,x,x,
0651,21.12.2020,10,15,16,19,27,x,x,
0652,22.12.2020,04,06,11,12,26,x,x,
0653,23.12.2020,10,15,23,25,34,x,x,
0654,24.12.2020,10,15,26,28,33,x,x,
0655,26.12.2020,05,17,24,25,32,x,x,
0656,27.12.2020,13,25,27,28,32,x,x,
0657,28.12.2020,05,06,14,20,35,x,x,
0658,29.12.2020,06,10,29,32,34,x,x,
0659,30.12.2020,03,06,23,29,31,x,x,
0660,31.12.2020,12,20,24,28,34,x,x,
0661,01.01.2021,13,17,19,21,25,x,x,
0662,02.01.2021,14,23,24,26,29,x,x,
0663,03.01.2021,12,20,23,27,31,x,x,
0664,04.01.2021,12,13,19,21,23,x,x,
0665,05.01.2021,06,08,10,25,35,x,x,
0666,06.01.2021,02,10,15,16,34,x,x,
0667,07.01.2021,01,07,21,22,30,x,x,
0668,08.01.2021,10,13,14,17,25,x,x,
0669,09.01.2021,06,25,27,30,34,x,x,
0670,10.01.2021,02,04,06,22,36,x,x,
0671,11.01.2021,02,18,19,28,36,x,x,
0672,12.01.2021,15,22,25,33,35,x,x,
0673,13.01.2021,15,25,28,30,33,x,x,
0674,14.01.2021,16,17,29,33,35,x,x,
0675,15.01.2021,06,14,15,27,29,x,x,
0676,16.01.2021,02,10,12,23,24,x,x,
0677,17.01.2021,12,22,26,28,34,x,x,
0678,18.01.2021,06,12,21,24,30,x,x,
0679,19.01.2021,09,18,20,21,29,x,x,
0680,20.01.2021,04,22,30,32,35,x,x,
0681,21.01.2021,01,12,18,21,24,x,x,
0682,22.01.2021,04,09,19,23,25,x,x,
0683,23.01.2021,01,23,24,26,34,x,x,
0684,24.01.2021,03,16,19,20,25,x,x,
0685,25.01.2021,04,10,14,26,31,x,x,
0686,26.01.2021,08,13,14,21,22,x,x,
0687,27.01.2021,01,02,05,09,21,x,x,
0688,28.01.2021,01,12,13,14,36,x,x,
0689,29.01.2021,02,09,12,16,33,x,x,
0690,30.01.2021,01,04,20,21,34,x,x,
0691,31.01.2021,02,18,26,30,31,x,x,
0692,01.02.2021,03,04,11,17,19,x,x,
0693,02.02.2021,01,09,22,32,34,x,x,
0694,03.02.2021,05,10,31,33,34,x,x,
0695,04.02.2021,07,08,23,27,34,x,x,
0696,05.02.2021,23,29,31,34,35,x,x,
0697,06.02.2021,09,15,21,23,31,x,x,
0698,07.02.2021,01,07,09,20,29,x,x,
0699,08.02.2021,01,02,09,11,30,x,x,
0700,09.02.2021,05,07,19,23,27,x,x,
0701,10.02.2021,02,11,17,21,34,x,x,
0702,11.02.2021,06,12,27,32,36,x,x,
0703,12.02.2021,07,09,16,24,27,x,x,
0704,13.02.2021,01,12,20,25,35,x,x,
0705,14.02.2021,12,14,18,25,27,x,x,
0706,15.02.2021,03,12,14,27,32,x,x,
0707,16.02.2021,02,15,20,23,24,x,x,
0708,17.02.2021,02,12,15,18,20,x,x,
0709,18.02.2021,14,19,22,29,33,x,x,
0710,19.02.2021,12,13,14,21,23,x,x,
0711,20.02.2021,06,08,13,28,34,x,x,
0712,21.02.2021,01,03,09,22,28,x,x,
0713,22.02.2021,02,11,21,22,34,x,x,
0714,23.02.2021,03,15,21,27,29,x,x,
0715,24.02.2021,07,22,26,29,34,x,x,
0716,25.02.2021,08,10,15,19,30,x,x,
0717,26.02.2021,03,12,16,25,35,x,x,
0718,27.02.2021,11,12,17,27,28,x,x,
0719,28.02.2021,02,07,18,22,24,x,x,
0720,01.03.2021,06,13,24,28,33,x,x,
0721,02.03.2021,21,22,30,34,36,x,x,
0722,03.03.2021,05,08,22,27,34,x,x,
0723,04.03.2021,01,09,11,13,19,x,x,
0724,05.03.2021,04,08,14,26,34,x,x,
0725,06.03.2021,02,08,10,24,34,x,x,
0726,07.03.2021,19,22,27,28,33,x,x,
0727,08.03.2021,01,15,18,30,35,x,x,
0728,09.03.2021,05,09,22,27,33,x,x,
0729,10.03.2021,04,10,11,25,32,x,x,
0730,11.03.2021,06,09,12,29,31,x,x,
0731,12.03.2021,01,19,23,28,30,x,x,
0732,13.03.2021,05,18,26,33,36,x,x,
0733,14.03.2021,06,13,25,31,35,x,x,
0734,15.03.2021,04,17,20,21,29,x,x,
0735,16.03.2021,01,03,08,17,23,x,x,
0736,17.03.2021,05,09,17,32,36,x,x,
0737,18.03.2021,11,23,24,27,29,x,x,
0738,19.03.2021,04,05,20,27,36,x,x,
0739,20.03.2021,04,12,15,26,34,x,x,
0740,21.03.2021,02,03,07,21,24,x,x,
0741,22.03.2021,06,08,11,32,33,x,x,
0742,23.03.2021,06,11,28,30,32,x,x,
0743,24.03.2021,25,27,30,32,33,x,x,
0744,25.03.2021,02,15,17,18,24,x,x,
0745,26.03.2021,07,13,15,33,35,x,x,
0746,27.03.2021,10,11,14,22,27,x,x,
0747,28.03.2021,12,16,21,24,31,x,x,
0748,29.03.2021,03,09,10,30,32,x,x,
0749,30.03.2021,16,24,25,27,33,x,x,
0750,31.03.2021,14,17,25,26,31,x,x,
0751,01.04.2021,07,10,12,30,36,x,x,
0752,02.04.2021,12,14,20,22,29,x,x,
0753,03.04.2021,06,10,12,24,25,x,x,
0754,04.04.2021,04,10,14,30,35,x,x,
0755,05.04.2021,01,09,12,15,19,x,x,
0756,06.04.2021,12,13,18,31,35,x,x,
0757,07.04.2021,08,09,22,24,29,x,x,
0758,08.04.2021,06,12,15,16,21,x,x,
0759,09.04.2021,02,09,13,34,35,x,x,
0760,10.04.2021,05,20,29,30,34,x,x,
0761,11.04.2021,05,06,07,27,33,x,x,
0762,12.04.2021,03,07,08,10,21,x,x,
0763,13.04.2021,01,02,11,19,31,x,x,
0764,14.04.2021,02,09,10,23,35,x,x,
0765,15.04.2021,03,06,17,23,26,x,x,
0766,16.04.2021,04,07,25,29,30,x,x,
0767,17.04.2021,03,13,20,24,29,x,x,
0768,18.04.2021,01,15,20,21,24,x,x,
0769,19.04.2021,13,21,28,31,36,x,x,
0770,20.04.2021,01,04,10,13,36,x,x,
0771,21.04.2021,03,04,08,23,26,x,x,
0772,22.04.2021,04,12,18,21,29,x,x,
0773,23.04.2021,08,13,23,24,27,x,x,
0774,24.04.2021,06,13,24,32,36,x,x,
0775,25.04.2021,06,11,17,25,26,x,x,
0776,26.04.2021,02,05,13,19,31,x,x,
0777,27.04.2021,05,14,16,18,23,x,x,
0778,28.04.2021,02,14,23,29,35,x,x,
0779,29.04.2021,04,09,16,26,36,x,x,
0780,30.04.2021,01,08,20,28,29,x,x,
0781,01.05.2021,05,13,22,30,31,x,x,
0782,02.05.2021,14,21,24,27,31,x,x,
0783,03.05.2021,11,18,23,28,34,x,x,
0784,04.05.2021,08,20,21,24,30,x,x,
0785,05.05.2021,04,08,14,24,25,x,x,
0786,06.05.2021,17,23,29,31,33,x,x,
0787,07.05.2021,03,10,14,15,19,x,x,
0788,08.05.2021,02,05,13,31,34,x,x,
0789,09.05.2021,03,06,14,18,20,x,x,
0790,10.05.2021,02,07,21,28,29,x,x,
0791,11.05.2021,18,22,28,32,36,x,x,
0792,12.05.2021,01,02,11,30,35,x,x,
0793,13.05.2021,07,10,12,24,27,x,x,
0794,14.05.2021,10,12,31,35,36,x,x,
0795,15.05.2021,06,10,12,16,26,x,x,
0796,16.05.2021,01,16,24,30,33,x,x,
0797,17.05.2021,04,06,09,23,35,x,x,
0798,18.05.2021,12,15,16,17,33,x,x,
0799,19.05.2021,02,07,10,12,26,x,x,
0800,20.05.2021,02,08,32,33,36,x,x,
0801,21.05.2021,14,25,26,27,32,x,x,
0802,22.05.2021,02,05,10,26,30,x,x,
0803,23.05.2021,10,16,21,23,31,x,x,
0804,24.05.2021,01,03,04,22,27,x,x,
0805,25.05.2021,14,19,20,22,24,x,x,
0806,26.05.2021,02,10,21,22,35,x,x,
0807,27.05.2021,04,08,10,18,35,x,x,
0808,28.05.2021,15,18,23,27,29,x,x,
0809,29.05.2021,16,18,25,27,32,x,x,
0810,30.05.2021,09,12,18,29,32,x,x,
0811,31.05.2021,01,02,21,30,31,x,x,
0812,01.06.2021,05,08,15,31,34,x,x,
0813,02.06.2021,11,15,23,26,36,x,x,
0814,03.06.2021,04,06,16,26,31,x,x,
0815,04.06.2021,09,22,25,27,29,x,x,
0816,05.06.2021,05,09,10,19,22,x,x,
0817,06.06.2021,11,19,20,22,31,x,x,
0818,07.06.2021,18,19,25,29,31,x,x,
0819,08.06.2021,07,11,24,30,34,x,x,
0820,09.06.2021,04,15,16,35,36,x,x,
0821,10.06.2021,09,13,15,21,24,x,x,
0822,11.06.2021,04,06,12,28,32,x,x,
0823,12.06.2021,01,06,09,17,35,x,x,
0824,13.06.2021,07,08,19,20,33,x,x,
0825,14.06.2021,07,14,18,24,30,x,x,
0826,15.06.2021,04,07,17,19,20,x,x,
0827,16.06.2021,13,18,21,31,34,x,x,
0828,17.06.2021,02,04,05,22,30,x,x,
0829,18.06.2021,01,05,13,28,33,x,x,
0830,19.06.2021,04,17,27,30,32,x,x,
0831,20.06.2021,03,07,10,24,31,x,x,
0832,21.06.2021,12,21,27,30,36,x,x,
0833,22.06.2021,07,08,25,27,28,x,x,
0834,23.06.2021,02,12,21,27,32,x,x,
0835,24.06.2021,11,19,22,24,28,x,x,
0836,25.06.2021,06,11,22,27,28,x,x,
0837,26.06.2021,05,08,18,32,36,x,x,
0838,27.06.2021,08,16,17,24,36,x,x,
0839,28.06.2021,07,17,22,30,31,x,x,
0840,29.06.2021,19,21,24,26,27,x,x,
0841,30.06.2021,06,09,13,14,18,x,x,
0842,01.07.2021,03,05,27,30,36,x,x,
0843,02.07.2021,08,10,19,24,29,x,x,
0844,03.07.2021,03,22,27,33,35,x,x,
0845,04.07.2021,09,16,25,26,30,x,x,
0846,05.07.2021,05,26,32,33,36,x,x,
0847,06.07.2021,01,13,16,22,36,x,x,
0848,07.07.2021,07,09,10,11,20,x,x,
0849,08.07.2021,07,09,19,21,32,x,x,
0850,09.07.2021,02,04,12,16,17,x,x,
0851,10.07.2021,06,15,17,18,23,x,x,
0852,11.07.2021,05,09,13,22,24,x,x,
0853,12.07.2021,04,10,18,20,31,x,x,
0854,13.07.2021,06,08,20,22,26,x,x,
0855,14.07.2021,02,11,24,34,36,x,x,
0856,15.07.2021,07,09,17,22,24,x,x,
0857,16.07.2021,03,06,22,23,29,x,x,
0858,17.07.2021,04,15,24,31,35,x,x,
0859,18.07.2021,06,07,18,29,33,x,x,
0860,19.07.2021,06,07,11,13,22,x,x,
0861,20.07.2021,07,13,23,34,35,x,x,
0862,21.07.2021,03,16,21,27,35,x,x,
0863,22.07.2021,06,10,17,25,33,x,x,
0864,23.07.2021,04,07,09,18,34,x,x,
0865,24.07.2021,16,17,24,34,35,x,x,
0866,25.07.2021,11,17,23,31,34,x,x,
0867,26.07.2021,08,24,30,31,34,x,x,
0868,27.07.2021,11,13,22,31,35,x,x,
0869,28.07.2021,08,22,23,26,29,x,x,
0870,29.07.2021,18,20,24,29,33,x,x,
0871,30.07.2021,02,26,29,34,35,x,x,
0872,31.07.2021,10,13,26,30,34,x,x,
0873,01.08.2021,02,05,17,26,36,x,x,
0874,02.08.2021,18,20,28,29,32,x,x,
0875,03.08.2021,02,11,18,31,32,x,x,
0876,04.08.2021,05,06,07,27,30,x,x,
0877,05.08.2021,04,05,10,21,36,x,x,
0878,06.08.2021,07,12,16,30,34,x,x,
0879,07.08.2021,05,07,12,31,33,x,x,
0880,08.08.2021,13,18,19,22,24,x,x,
0881,09.08.2021,13,20,30,32,36,x,x,
0882,10.08.2021,08,10,18,20,29,x,x,
0883,11.08.2021,01,05,15,28,31,x,x,
0884,12.08.2021,04,07,13,15,22,x,x,
0885,13.08.2021,15,18,22,33,36,x,x,
0886,14.08.2021,15,29,33,35,36,x,x,
0887,15.08.2021,06,14,23,31,34,x,x,
0888,16.08.2021,03,22,28,29,31,x,x,
0889,17.08.2021,07,23,24,25,29,x,x,
0890,18.08.2021,08,10,11,14,17,x,x,
0891,19.08.2021,01,12,17,20,25,x,x,
0892,20.08.2021,07,16,20,27,32,x,x,
0893,21.08.2021,03,06,08,13,36,x,x,
0894,22.08.2021,05,16,20,22,27,x,x,
0895,23.08.2021,07,09,25,31,33,x,x,
0896,24.08.2021,10,13,25,32,33,x,x,
0897,25.08.2021,05,09,18,19,27,x,x,
0898,26.08.2021,05,19,21,28,29,x,x,
0899,27.08.2021,10,11,16,20,35,x,x,
0900,28.08.2021,06,08,16,22,30,x,x,
0901,29.08.2021,06,24,28,29,35,x,x,
0902,30.08.2021,05,15,23,29,31,x,x,
0903,31.08.2021,07,15,16,18,20,x,x,
0904,01.09.2021,06,13,22,30,36,x,x,
0905,02.09.2021,01,02,06,12,14,x,x,
0906,03.09.2021,02,04,14,15,36,x,x,
0907,04.09.2021,08,12,22,27,33,x,x,
0908,05.09.2021,04,06,26,28,29,x,x,
0909,06.09.2021,01,04,10,11,20,x,x,
0910,07.09.2021,04,08,11,35,36,x,x,
0911,08.09.2021,02,06,15,28,36,x,x,
0912,09.09.2021,10,12,18,25,32,x,x,
0913,10.09.2021,05,18,29,31,34,x,x,
0914,11.09.2021,02,18,20,22,34,x,x,
0915,12.09.2021,10,18,25,32,35,x,x,
0916,13.09.2021,12,20,31,33,35,x,x,
0917,14.09.2021,12,13,20,21,31,x,x,
0918,15.09.2021,01,23,24,32,33,x,x,
0919,16.09.2021,02,05,21,23,35,x,x,
0920,17.09.2021,09,10,19,26,34,x,x,
0921,18.09.2021,02,03,04,06,12,x,x,
0922,19.09.2021,16,21,28,30,33,x,x,
0923,20.09.2021,04,11,12,16,33,x,x,
0924,21.09.2021,12,15,17,24,36,x,x,
0925,22.09.2021,10,19,22,24,30,x,x,
0926,23.09.2021,03,04,05,16,22,x,x,
0927,24.09.2021,01,13,18,26,27,x,x,
0928,25.09.2021,06,08,14,28,29,x,x,
0929,26.09.2021,09,11,22,31,31,x,x,
0930,27.09.2021,05,08,18,25,36,x,x,
0931,28.09.2021,06,21,22,23,31,x,x,
0932,29.09.2021,15,20,23,32,33,x,x,
0933,30.09.2021,18,19,21,33,35,x,x,
0934,01.10.2021,02,16,18,20,29,x,x,
0935,02.10.2021,05,07,09,12,21,x,x,
0936,03.10.2021,04,06,21,27,32,x,x,
0937,04.10.2021,06,14,18,27,30,x,x,
0938,05.10.2021,03,14,16,21,25,x,x,
0939,06.10.2021,01,02,08,14,24,x,x,
0940,07.10.2021,01,07,10,15,34,x,x,
0941,08.10.2021,03,12,16,25,36,x,x,
0942,09.10.2021,18,20,25,26,32,x,x,
0943,10.10.2021,07,12,13,15,23,x,x,
0944,11.10.2021,15,17,20,32,34,x,x,
0945,12.10.2021,21,22,24,30,34,x,x,
0946,13.10.2021,11,14,17,25,27,x,x,
0947,14.10.2021,08,16,19,23,35,x,x,
0948,15.10.2021,02,04,07,09,19,x,x,
0949,16.10.2021,03,07,17,19,35,x,x,
0950,17.10.2021,13,17,22,24,29,x,x,
0951,18.10.2021,14,19,32,34,35,x,x,
0952,19.10.2021,05,10,17,24,36,x,x,
0953,20.10.2021,03,09,10,16,28,x,x,
0954,21.10.2021,01,04,15,23,27,x,x,
0955,22.10.2021,04,09,15,16,25,x,x,
0956,23.10.2021,10,25,26,30,32,x,x,
0957,24.10.2021,02,04,17,27,30,x,x,
0958,25.10.2021,10,19,23,33,36,x,x,
0959,26.10.2021,08,09,21,23,32,x,x,
0960,27.10.2021,01,08,09,29,33,x,x,
0961,28.10.2021,05,23,27,32,36,x,x,
0962,29.10.2021,16,24,33,35,36,x,x,
0963,30.10.2021,08,11,19,20,21,x,x,
0964,31.10.2021,04,14,19,20,35,x,x,
0965,01.11.2021,05,09,11,25,33,x,x,
0966,02.11.2021,08,21,22,29,34,x,x,
0967,03.11.2021,06,15,16,20,22,x,x,
0968,04.11.2021,03,10,20,27,35,x,x,
0969,05.11.2021,01,10,21,26,29,x,x,
0970,06.11.2021,03,06,15,23,30,x,x,
0971,07.11.2021,04,26,27,28,33,x,x,
0972,08.11.2021,17,22,30,31,32,x,x,
0973,09.11.2021,01,07,09,19,20,x,x,
0974,10.11.2021,01,06,22,27,34,x,x,
0975,11.11.2021,01,10,12,19,21,x,x,
0976,12.11.2021,14,19,20,26,36,x,x,
0977,13.11.2021,11,12,15,24,33,x,x,
0978,14.11.2021,06,08,10,11,16,x,x,
0979,15.11.2021,13,15,20,24,27,x,x,
0980,16.11.2021,05,17,28,29,31,x,x,
0981,17.11.2021,04,06,21,32,36,x,x,
0982,18.11.2021,10,11,15,19,30,x,x,
0983,19.11.2021,06,17,22,26,32,x,x,
0984,20.11.2021,04,06,11,32,35,x,x,
0985,21.11.2021,03,06,07,15,33,x,x,
0986,22.11.2021,16,18,25,30,31,x,x,
0987,23.11.2021,05,06,07,10,32,x,x,
0988,24.11.2021,01,08,18,26,34,x,x,
0989,25.11.2021,03,07,20,21,25,x,x,
0990,26.11.2021,03,09,28,29,30,x,x,
0991,27.11.2021,10,13,20,22,34,x,x,
0992,28.11.2021,01,05,09,10,20,x,x,
0993,29.11.2021,03,05,13,28,33,x,x,
0994,30.11.2021,01,03,09,11,34,x,x,
0995,01.12.2021,04,11,15,17,28,x,x,
0996,02.12.2021,03,08,11,20,32,x,x,
0997,03.12.2021,06,13,14,25,35,x,x,
0998,04.12.2021,01,12,24,29,36,x,x,
0999,05.12.2021,04,06,19,33,36,x,x,
1000,06.12.2021,06,10,13,23,36,x,x,
1001,07.12.2021,02,08,12,20,27,x,x,
1002,08.12.2021,05,09,11,20,25,x,x,
1003,09.12.2021,02,03,05,14,19,x,x,
1004,10.12.2021,07,24,31,34,35,x,x,
1005,11.12.2021,07,09,16,18,20,x,x,
1006,12.12.2021,20,27,29,35,36,x,x,
1007,13.12.2021,06,22,23,25,30,x,x,
1008,14.12.2021,03,12,15,20,28,x,x,
1009,15.12.2021,15,19,24,26,32,x,x,
1010,16.12.2021,03,10,16,25,28,x,x,
1011,17.12.2021,01,08,17,24,28,x,x,
1012,18.12.2021,06,13,17,20,30,x,x,
1013,19.12.2021,01,02,18,20,31,x,x,
1014,20.12.2021,01,02,08,20,35,x,x,
1015,21.12.2021,08,17,20,30,36,x,x,
1016,22.12.2021,05,06,08,30,32,x,x,
1017,23.12.2021,06,09,14,17,36,x,x,
1018,24.12.2021,08,22,23,24,29,x,x,
1019,26.12.2021,03,11,17,25,26,x,x,
1020,27.12.2021,17,19,21,29,31,x,x,
1021,28.12.2021,03,11,25,31,35,x,x,
1022,29.12.2021,10,14,16,17,19,x,x,
1023,30.12.2021,02,06,21,23,28,x,x,
1024,31.12.2021,03,04,18,19,24,x,x,
1025,01.01.2022,17,23,31,32,36,x,x,
1026,02.01.2022,12,21,23,25,31,x,x,
1027,03.01.2022,06,14,16,22,25,x,x,
1028,04.01.2022,04,16,22,29,32,x,x,
1029,05.01.2022,11,14,21,27,35,x,x,
1030,06.01.2022,05,09,20,26,36,x,x,
1031,07.01.2022,04,06,10,15,30,x,x,
1032,08.01.2022,13,14,30,33,36,x,x,
1033,09.01.2022,05,23,30,32,33,x,x,
1034,10.01.2022,01,03,11,23,34,x,x,
1035,11.01.2022,01,08,09,18,20,x,x,
1036,12.01.2022,03,22,27,33,36,x,x,
1037,13.01.2022,06,07,23,28,30,x,x,
1038,14.01.2022,08,25,30,33,34,x,x,
1039,15.01.2022,03,07,11,12,35,x,x,
1040,16.01.2022,01,19,23,28,33,x,x,
1041,17.01.2022,08,21,24,29,34,x,x,
1042,18.01.2022,11,15,16,21,33,x,x,
1043,19.01.2022,06,09,22,27,34,x,x,
1044,20.01.2022,08,15,20,29,32,x,x,
1045,21.01.2022,02,08,16,20,35,x,x,
1046,22.01.2022,03,10,16,31,33,x,x,
1047,23.01.2022,02,07,29,30,34,x,x,
1048,24.01.2022,15,16,25,28,30,x,x,
1049,25.01.2022,05,19,22,31,32,x,x,
1050,26.01.2022,08,14,15,18,33,x,x,
1051,27.01.2022,05,11,18,22,32,x,x,
1052,28.01.2022,08,18,22,23,25,x,x,
1053,29.01.2022,01,02,12,16,27,x,x,
1054,30.01.2022,05,07,25,29,36,x,x,
1055,31.01.2022,02,08,14,16,35,x,x,
1056,01.02.2022,01,02,15,25,32,x,x,
1057,02.02.2022,01,12,26,30,35,x,x,
1058,03.02.2022,06,09,24,30,35,x,x,
1059,04.02.2022,10,13,18,30,34,x,x,
1060,05.02.2022,07,13,20,25,27,x,x,
1061,06.02.2022,10,14,24,27,28,x,x,
1062,07.02.2022,04,15,20,35,36,x,x,
1063,08.02.2022,04,08,19,26,27,x,x,
1064,09.02.2022,03,06,09,10,21,x,x,
1065,10.02.2022,05,06,09,14,24,x,x,
1066,11.02.2022,04,05,26,27,32,x,x,
1067,12.02.2022,07,12,15,28,36,x,x,
1068,13.02.2022,01,04,21,32,34,x,x,
1069,14.02.2022,03,08,15,18,32,x,x,
1070,15.02.2022,03,17,22,29,36,x,x,
1071,16.02.2022,14,17,20,24,30,x,x,
1072,17.02.2022,04,10,18,24,33,x,x,
1073,18.02.2022,15,17,26,28,32,x,x,
1074,19.02.2022,02,13,15,16,25,x,x,
1075,20.02.2022,11,18,19,23,24,x,x,
1076,21.02.2022,02,05,12,28,36,x,x,
1077,22.02.2022,20,23,26,27,34,x,x,
1078,23.02.2022,03,16,19,28,34,x,x,
1079,24.02.2022,09,10,15,23,33,x,x,
1080,25.02.2022,03,19,28,29,34,x,x,
1081,26.02.2022,10,19,21,22,35,x,x,
1082,27.02.2022,02,05,15,22,27,x,x,
1083,28.02.2022,01,07,17,25,34,x,x,
1084,01.03.2022,12,14,15,16,32,x,x,
1085,02.03.2022,19,21,27,33,36,x,x,
1086,03.03.2022,01,19,29,32,36,x,x,
1087,04.03.2022,06,16,18,19,30,x,x,
1088,05.03.2022,11,14,24,32,34,x,x,
1089,06.03.2022,07,10,17,22,23,x,x,
1090,07.03.2022,05,11,20,21,35,x,x,
1091,08.03.2022,04,06,24,34,36,x,x,
1092,09.03.2022,03,07,14,23,24,x,x,
1093,10.03.2022,03,12,16,21,25,x,x,
1094,11.03.2022,03,07,08,24,30,x,x,
1095,12.03.2022,06,09,11,27,33,x,x,
1096,13.03.2022,03,08,13,31,33,x,x,
1097,14.03.2022,13,23,25,30,36,x,x,
1098,15.03.2022,05,14,25,33,35,x,x,
1099,16.03.2022,04,10,19,25,32,x,x,
1100,17.03.2022,06,09,12,17,20,x,x,
1101,18.03.2022,06,10,11,13,24,x,x,
1102,19.03.2022,06,21,25,29,30,x,x,
1103,20.03.2022,03,19,31,32,36,x,x,
1104,21.03.2022,03,04,10,29,33,x,x,
1105,22.03.2022,09,11,14,26,31,x,x,
1106,23.03.2022,04,15,21,24,31,x,x,
1107,24.03.2022,03,09,10,16,34,x,x,
1108,25.03.2022,02,10,26,34,36,x,x,
1109,26.03.2022,11,14,21,23,26,x,x,
1110,27.03.2022,04,11,16,20,33,x,x,
1111,28.03.2022,04,10,15,23,25,x,x,
1112,29.03.2022,01,03,07,08,28,x,x,
1113,30.03.2022,07,17,24,34,36,x,x,
1114,31.03.2022,03,08,14,26,31,x,x,
1115,01.04.2022,10,12,14,17,27,x,x,
1116,02.04.2022,01,03,04,10,25,x,x,
1117,03.04.2022,08,18,23,24,36,x,x,
1118,04.04.2022,01,05,06,12,23,x,x,
1119,05.04.2022,15,21,23,29,33,x,x,
1120,06.04.2022,01,02,08,20,22,x,x,
1121,07.04.2022,05,13,18,20,28,x,x,
1122,08.04.2022,01,07,08,10,29,x,x,
1123,09.04.2022,05,07,29,31,36,x,x,
1124,10.04.2022,01,05,07,17,18,x,x,
1125,11.04.2022,03,12,23,27,31,x,x,
1126,12.04.2022,01,05,27,29,35,x,x,
1127,13.04.2022,04,11,13,31,33,x,x,
1128,14.04.2022,05,10,12,20,34,x,x,
1129,15.04.2022,02,10,20,25,33,x,x,
1130,16.04.2022,02,15,28,33,35,x,x,
1131,17.04.2022,07,17,25,29,33,x,x,
1132,18.04.2022,02,04,23,27,36,x,x,
1133,19.04.2022,03,09,13,28,32,x,x,
1134,20.04.2022,21,22,27,29,32,x,x,
1135,21.04.2022,12,16,20,32,35,x,x,
1136,22.04.2022,02,05,21,28,34,x,x,
1137,23.04.2022,02,10,16,22,34,x,x,
1138,24.04.2022,05,20,29,30,32,x,x,
1139,25.04.2022,05,10,13,16,30,x,x,
1140,26.04.2022,05,27,28,31,35,x,x,
1141,27.04.2022,03,04,25,26,36,x,x,
1142,28.04.2022,02,10,14,19,28,x,x,
1143,29.04.2022,04,13,15,27,34,x,x,
1144,30.04.2022,04,07,10,15,31,x,x,
1145,01.05.2022,02,07,18,21,22,x,x,
1146,02.05.2022,03,11,24,32,33,x,x,
1147,03.05.2022,04,06,08,22,25,x,x,
1148,04.05.2022,02,26,28,32,36,x,x,
1149,05.05.2022,07,11,12,27,29,x,x,
1150,06.05.2022,06,07,16,22,29,x,x,
1151,07.05.2022,04,10,12,20,23,x,x,
1152,08.05.2022,04,09,13,23,30,x,x,
1153,09.05.2022,01,10,18,23,35,x,x,
1154,10.05.2022,10,13,14,20,25,x,x,
1155,11.05.2022,01,05,10,12,21,x,x,
1156,12.05.2022,05,09,20,25,27,x,x,
1157,13.05.2022,12,22,24,31,33,x,x,
1158,14.05.2022,02,03,08,20,24,x,x,
1159,15.05.2022,09,11,17,25,33,x,x,
1160,16.05.2022,02,06,07,18,29,x,x,
1161,17.05.2022,07,22,25,26,27,x,x,
1162,18.05.2022,15,18,21,29,32,x,x,
1163,19.05.2022,02,08,16,29,32,x,x,
1164,20.05.2022,05,06,07,14,26,x,x,
1165,21.05.2022,19,25,29,34,36,x,x,
1166,22.05.2022,01,04,06,20,21,x,x,
1167,23.05.2022,03,07,13,21,26,x,x,
1168,24.05.2022,04,07,10,14,21,x,x,
1169,25.05.2022,16,28,32,33,35,x,x,
1170,26.05.2022,03,18,22,28,33,x,x,
1171,27.05.2022,08,19,26,27,30,x,x,
1172,28.05.2022,14,15,26,28,31,x,x,
1173,29.05.2022,18,26,28,29,31,x,x,
1174,30.05.2022,01,02,09,12,33,x,x,
1175,31.05.2022,13,17,20,23,30,x,x,
1176,01.06.2022,04,07,12,18,25,x,x,
1177,02.06.2022,06,07,14,19,27,x,x,
1178,03.06.2022,11,13,22,25,27,x,x,
1179,04.06.2022,01,05,08,09,10,x,x,
1180,05.06.2022,04,09,10,20,24,x,x,
1181,06.06.2022,06,09,20,21,24,x,x,
1182,07.06.2022,01,11,17,18,20,x,x,
1183,08.06.2022,01,06,07,15,28,x,x,
1184,09.06.2022,02,03,11,25,33,x,x,
1185,10.06.2022,16,21,22,26,30,x,x,
1186,11.06.2022,01,06,09,14,31,x,x,
1187,12.06.2022,06,09,22,23,32,x,x,
1188,13.06.2022,05,06,25,31,35,x,x,
1189,14.06.2022,11,14,26,34,36,x,x,
1190,15.06.2022,03,05,18,22,34,x,x,
1191,16.06.2022,01,24,25,27,36,x,x,
1192,17.06.2022,08,09,11,32,33,x,x,
1193,18.06.2022,03,13,17,23,31,x,x,
1194,19.06.2022,08,15,22,26,36,x,x,
1195,20.06.2022,02,09,10,30,31,x,x,
1196,21.06.2022,06,09,27,33,36,x,x,
1197,22.06.2022,13,15,19,28,30,x,x,
1198,23.06.2022,03,06,11,21,23,x,x,
1199,24.06.2022,02,13,21,28,33,x,x,
1200,25.06.2022,08,13,18,27,29,x,x,
1201,26.06.2022,18,21,29,30,36,x,x,
1202,27.06.2022,02,03,18,21,33,x,x,
1203,28.06.2022,08,11,18,30,35,x,x,
1204,29.06.2022,04,09,10,13,28,x,x,
1205,30.06.2022,07,21,25,27,28,x,x,
1206,01.07.2022,05,09,10,15,16,x,x,
1207,02.07.2022,01,06,11,31,36,x,x,
1208,03.07.2022,01,14,16,18,26,x,x,
1209,04.07.2022,09,15,24,26,27,x,x,
1210,05.07.2022,01,02,08,31,33,x,x,
1211,06.07.2022,02,15,18,23,31,x,x,
1212,07.07.2022,18,20,23,33,34,x,x,
1213,08.07.2022,01,05,28,31,32,x,x,
1214,09.07.2022,04,10,22,29,36,x,x,
1215,10.07.2022,04,05,07,22,36,x,x,
1216,11.07.2022,03,18,19,22,31,x,x,
1217,12.07.2022,01,06,07,11,29,x,x,
1218,13.07.2022,06,15,21,29,33,x,x,
1219,15.07.2022,19,20,24,28,31,x,x,
1220,16.07.2022,06,08,17,20,22,x,x,
1221,17.07.2022,05,21,27,31,35,x,x,
1222,18.07.2022,08,14,16,19,29,x,x,
1223,19.07.2022,10,16,18,28,31,x,x,
1224,20.07.2022,04,15,21,27,30,x,x,
1225,21.07.2022,01,04,23,27,35,x,x,
1226,22.07.2022,02,09,17,23,35,x,x,
1227,23.07.2022,04,09,10,26,28,x,x,
1228,24.07.2022,03,10,19,28,34,x,x,
1229,25.07.2022,09,19,24,28,36,x,x,
1230,26.07.2022,01,03,13,19,34,x,x,
1231,27.07.2022,02,04,24,31,36,x,x,
1232,28.07.2022,01,02,27,30,36,x,x,
1233,29.07.2022,02,05,10,20,28,x,x,
1234,30.07.2022,04,10,28,32,36,x,x,
1235,31.07.2022,04,20,25,30,31,x,x,
1236,01.08.2022,03,09,15,18,33,x,x,
1237,02.08.2022,10,18,21,26,29,x,x,
1238,03.08.2022,06,08,22,24,25,x,x,
1239,04.08.2022,06,17,21,26,31,x,x,
1240,05.08.2022,01,16,17,26,28,x,x,
1241,06.08.2022,09,18,24,31,33,x,x,
1242,07.08.2022,18,20,24,32,36,x,x,
1243,08.08.2022,04,05,22,31,34,x,x,
1244,09.08.2022,03,14,15,23,24,x,x,
1245,10.08.2022,01,06,08,13,17,x,x,
1246,11.08.2022,08,16,18,19,20,x,x,
1247,12.08.2022,05,27,29,30,32,x,x,
1248,13.08.2022,04,18,19,28,31,x,x,
1249,14.08.2022,01,17,24,26,33,x,x,
1250,15.08.2022,15,20,23,32,35,x,x,
1251,16.08.2022,01,12,19,21,27,x,x,
1252,17.08.2022,02,05,08,28,34,x,x,
1253,18.08.2022,05,11,17,26,31,x,x,
1254,19.08.2022,01,16,27,28,34,x,x,
1255,20.08.2022,09,16,20,32,33,x,x,
1256,21.08.2022,06,15,19,23,35,x,x,
1257,22.08.2022,04,17,26,32,35,x,x,
1258,23.08.2022,06,08,21,22,29,x,x,
1259,24.08.2022,02,05,12,22,23,x,x,
1260,25.08.2022,06,08,12,15,17,x,x,
1261,26.08.2022,10,12,21,23,31,x,x,
1262,27.08.2022,05,20,21,23,30,x,x,
1263,28.08.2022,22,23,29,32,33,x,x,
1264,29.08.2022,10,21,26,29,34,x,x,
1265,30.08.2022,16,22,25,28,33,x,x,
1266,31.08.2022,11,18,22,27,28,x,x,
1267,01.09.2022,06,16,19,29,36,x,x,
1268,02.09.2022,01,02,03,24,26,x,x,
1269,03.09.2022,08,11,18,24,25,x,x,
1270,04.09.2022,02,06,07,31,36,x,x,
1271,05.09.2022,10,12,14,15,25,x,x,
1272,06.09.2022,09,11,13,15,26,x,x,
1273,07.09.2022,12,13,15,17,26,x,x,
1274,08.09.2022,01,06,22,24,29,x,x,
1275,09.09.2022,10,15,19,30,36,x,x,
1276,10.09.2022,14,18,31,33,35,x,x,
1277,11.09.2022,09,16,17,27,32,x,x,
1278,12.09.2022,01,12,20,21,26,x,x,
1279,13.09.2022,05,09,18,32,33,x,x,
1280,14.09.2022,05,16,17,28,31,x,x,
1281,15.09.2022,04,14,25,26,33,x,x,
1282,16.09.2022,08,11,12,18,27,x,x,
1283,17.09.2022,05,15,25,32,35,x,x,
1284,18.09.2022,02,11,15,28,34,x,x,
1285,19.09.2022,09,13,17,24,33,x,x,
1286,20.09.2022,03,04,05,12,14,x,x,
1287,21.09.2022,01,03,26,28,30,x,x,
1288,22.09.2022,02,11,22,32,34,x,x,
1289,23.09.2022,05,09,12,27,28,x,x,
1290,24.09.2022,07,09,18,21,31,x,x,
1291,25.09.2022,07,14,17,18,33,x,x,
1292,26.09.2022,08,09,19,21,32,x,x,
1293,27.09.2022,07,10,17,20,30,x,x,
1294,28.09.2022,05,13,21,23,32,x,x,
1295,29.09.2022,02,05,08,12,17,x,x,
1296,30.09.2022,01,11,23,26,32,x,x,
1297,01.10.2022,01,06,19,20,21,x,x,
1298,02.10.2022,08,13,14,17,23,x,x,
1299,03.10.2022,04,13,14,26,34,x,x,
1300,04.10.2022,08,09,22,25,32,x,x,
1301,05.10.2022,08,12,21,28,33,x,x,
1302,06.10.2022,07,15,27,32,34,x,x,
1303,07.10.2022,06,17,24,30,31,x,x,
1304,08.10.2022,06,10,20,29,34,x,x,
1305,09.10.2022,08,22,23,28,32,x,x,
1306,10.10.2022,08,09,13,31,35,x,x,
1307,11.10.2022,03,05,16,19,28,x,x,
1308,12.10.2022,09,12,16,21,36,x,x,
1309,13.10.2022,15,18,19,20,26,x,x,
1310,14.10.2022,06,10,14,27,28,x,x,
1311,15.10.2022,10,11,18,28,34,x,x,
1312,16.10.2022,02,11,13,18,33,x,x,
1313,17.10.2022,18,25,30,33,36,x,x,
1314,18.10.2022,04,14,15,19,30,x,x,
1315,19.10.2022,09,12,19,22,35,x,x,
1316,20.10.2022,01,04,07,08,17,x,x,
1317,21.10.2022,02,16,20,23,33,x,x,
1318,22.10.2022,11,14,17,25,31,x,x,
1319,23.10.2022,02,06,11,20,34,x,x,
1320,24.10.2022,04,07,12,14,18,x,x,
1321,25.10.2022,03,05,13,16,27,x,x,
1322,26.10.2022,08,10,11,24,29,x,x,
1323,27.10.2022,07,13,21,25,28,x,x,
1324,28.10.2022,08,10,19,33,36,x,x,
1325,29.10.2022,12,21,27,28,31,x,x,
1326,30.10.2022,02,20,24,28,29,x,x,
1327,31.10.2022,07,14,25,26,28,x,x,
1328,01.11.2022,08,21,26,35,36,x,x,
1329,02.11.2022,06,11,16,19,31,x,x,
1330,03.11.2022,09,13,18,19,30,x,x,
1331,04.11.2022,01,04,14,15,36,x,x,
1332,05.11.2022,12,13,22,31,36,x,x,
1333,06.11.2022,02,07,26,28,34,x,x,
1334,07.11.2022,02,04,12,21,28,x,x,
1335,08.11.2022,05,17,18,28,31,x,x,
1336,09.11.2022,05,15,25,27,33,x,x,
1337,10.11.2022,10,24,30,33,35,x,x,
1338,11.11.2022,07,17,20,24,28,x,x,
1339,12.11.2022,09,16,25,29,32,x,x,
1340,13.11.2022,02,03,09,15,22,x,x,
1341,14.11.2022,02,14,15,18,23,x,x,
1342,15.11.2022,03,10,11,24,31,x,x,
1343,16.11.2022,04,05,19,24,26,x,x,
1344,17.11.2022,04,06,18,24,25,x,x,
1345,18.11.2022,04,06,14,32,34,x,x,
1346,19.11.2022,01,04,07,23,28,x,x,
1347,20.11.2022,04,17,21,25,35,x,x,
1348,21.11.2022,07,10,12,21,32,x,x,
1349,22.11.2022,05,06,14,17,22,x,x,
1350,23.11.2022,06,07,16,29,34,x,x,
1351,24.11.2022,06,15,18,25,27,x,x,
1352,25.11.2022,06,13,25,28,36,x,x,
1353,26.11.2022,03,07,13,32,34,x,x,
1354,27.11.2022,15,26,27,30,35,x,x,
1355,28.11.2022,01,02,11,13,29,x,x,
1356,29.11.2022,05,06,11,14,27,x,x,
1357,30.11.2022,02,08,09,24,30,x,x,
1358,01.12.2022,15,17,20,23,26,x,x,
1359,02.12.2022,03,12,18,22,31,x,x,
1360,03.12.2022,06,28,30,34,35,x,x,
1361,04.12.2022,09,11,15,28,34,x,x,
1362,05.12.2022,10,11,23,29,36,x,x,
1363,06.12.2022,05,14,15,29,33,x,x,
1364,07.12.2022,03,26,28,34,35,x,x,
1365,08.12.2022,07,25,27,28,32,x,x,
1366,09.12.2022,09,17,21,26,35,x,x,
1367,10.12.2022,20,26,30,35,36,x,x,
1368,11.12.2022,03,05,06,12,32,x,x,
1369,12.12.2022,07,12,13,17,26,x,x,
1370,13.12.2022,01,02,06,10,19,x,x,
1371,14.12.2022,10,11,14,16,22,x,x,
1372,15.12.2022,10,16,21,25,26,x,x,
1373,16.12.2022,10,23,31,34,35,x,x,
1374,17.12.2022,18,24,28,31,34,x,x,
1375,18.12.2022,01,02,08,15,32,x,x,
1376,19.12.2022,01,03,04,13,26,x,x,
1377,20.12.2022,02,08,11,16,20,x,x,
1378,21.12.2022,17,19,26,28,32,x,x,
1379,22.12.2022,07,13,19,21,22,x,x,
1380,23.12.2022,01,12,26,27,29,x,x,
1381,24.12.2022,05,22,27,31,34,x,x,
1382,26.12.2022,05,10,12,17,23,x,x,
1383,27.12.2022,03,13,14,30,31,x,x,
1384,28.12.2022,05,07,08,30,31,x,x,
1385,29.12.2022,03,06,11,19,29,x,x,
1386,30.12.2022,02,13,21,26,31,x,x,
1387,31.12.2022,02,21,25,26,35,x,x,
1388,01.01.2023,01,11,26,27,33,x,x,
1389,02.01.2023,16,17,22,28,34,x,x,
1390,03.01.2023,16,17,19,26,34,x,x,
1391,04.01.2023,10,12,27,29,35,x,x,
1392,05.01.2023,01,11,12,13,16,x,x,
1393,06.01.2023,01,24,26,32,33,x,x,
1394,07.01.2023,01,13,27,28,31,x,x,
1395,08.01.2023,09,10,24,29,31,x,x,
1396,09.01.2023,09,13,23,27,30,x,x,
1397,10.01.2023,04,08,10,11,31,x,x,
1398,11.01.2023,01,05,17,25,35,x,x,
1399,12.01.2023,10,11,26,29,34,x,x,
1400,13.01.2023,06,07,13,19,30,x,x,
1401,14.01.2023,02,03,12,19,29,x,x,
1402,15.01.2023,06,12,25,28,31,x,x,
1403,16.01.2023,02,08,09,23,30,x,x,
1404,17.01.2023,06,13,18,21,28,x,x,
1405,18.01.2023,02,05,08,27,33,x,x,
1406,19.01.2023,01,23,31,32,35,x,x,
1407,20.01.2023,06,08,10,23,26,x,x,
1410,21.01.2023,06,13,15,20,24,x,x,
1411,22.01.2023,05,12,23,30,33,x,x,
1412,23.01.2023,04,16,19,25,27,x,x,
1413,24.01.2023,03,08,14,18,36,x,x,
1414,25.01.2023,04,06,07,08,17,x,x,
1415,26.01.2023,06,18,19,28,29,x,x,
1416,27.01.2023,02,04,05,14,20,x,x,
1417,28.01.2023,06,15,22,23,32,x,x,
1418,29.01.2023,10,13,25,27,28,x,x,
1419,30.01.2023,03,08,13,15,30,x,x,
1420,31.01.2023,08,15,23,30,33,x,x,
1421,01.02.2023,04,09,13,23,31,x,x,
1422,02.02.2023,02,07,12,16,21,x,x,
1423,03.02.2023,07,14,21,29,36,x,x,
1424,04.02.2023,03,14,19,21,36,x,x,
1425,05.02.2023,05,21,22,26,30,x,x,
1426,06.02.2023,05,07,21,25,29,x,x,
1427,07.02.2023,11,14,19,34,35,x,x,
1428,08.02.2023,01,05,18,21,31,x,x,
1429,09.02.2023,10,18,23,26,34,x,x,
1430,10.02.2023,01,10,15,19,30,x,x,
1431,11.02.2023,01,03,19,32,33,x,x,
1432,12.02.2023,03,05,08,14,21,x,x,
1433,13.02.2023,07,11,15,28,35,x,x,
1434,14.02.2023,10,14,18,22,34,x,x,
1435,15.02.2023,10,13,30,32,33,x,x,
1436,16.02.2023,03,08,15,34,36,x,x,
1437,17.02.2023,03,06,11,19,33,x,x,
1438,18.02.2023,06,15,16,19,29,x,x,
1439,19.02.2023,06,10,17,30,35,x,x,
1440,20.02.2023,02,16,19,33,34,x,x,
1441,21.02.2023,02,03,11,12,36,x,x,
1442,22.02.2023,05,07,10,15,22,x,x,
1443,23.02.2023,10,14,17,22,30,x,x,
1444,24.02.2023,04,06,19,21,25,x,x,
1445,25.02.2023,14,18,27,30,36,x,x,
1446,26.02.2023,04,06,09,14,17,x,x,
1447,27.02.2023,04,17,23,26,33,x,x,
1448,28.02.2023,25,29,30,35,36,x,x,
1449,01.03.2023,08,12,25,33,36,x,x,
1450,02.03.2023,06,11,24,33,35,x,x,
1451,03.03.2023,18,19,23,32,35,x,x,
1452,04.03.2023,14,16,18,23,34,x,x,
1453,05.03.2023,09,10,14,29,36,x,x,
1454,06.03.2023,07,17,22,23,26,x,x,
1455,07.03.2023,01,02,06,18,26,x,x,
1456,08.03.2023,03,10,15,18,25,x,x,
1457,09.03.2023,05,09,14,25,32,x,x,
1458,10.03.2023,02,04,24,26,34,x,x,
1459,11.03.2023,11,21,22,27,30,x,x,
1460,12.03.2023,09,14,22,24,29,x,x,
1461,13.03.2023,16,18,20,22,32,x,x,
1462,14.03.2023,02,13,17,20,24,x,x,
1463,15.03.2023,15,27,28,30,36,x,x,
1464,16.03.2023,05,18,20,21,26,x,x,
1465,17.03.2023,09,14,18,25,30,x,x,
1466,18.03.2023,04,10,19,25,35,x,x,
1467,19.03.2023,19,22,23,25,32,x,x,
1468,20.03.2023,11,15,19,30,31,x,x,
1469,21.03.2023,04,07,09,24,26,x,x,
1470,22.03.2023,04,19,20,29,32,x,x,
1471,23.03.2023,17,23,24,27,28,x,x,
1472,24.03.2023,02,09,10,24,34,x,x,
1473,25.03.2023,03,08,10,17,35,x,x,
1474,26.03.2023,01,09,14,17,28,x,x,
1475,27.03.2023,01,10,12,21,25,x,x,
1476,28.03.2023,02,07,12,23,33,x,x,
1477,29.03.2023,01,09,13,15,24,x,x,
1478,30.03.2023,02,04,05,08,10,x,x,
1479,31.03.2023,04,13,18,32,34,x,x,
1480,01.04.2023,02,04,18,23,29,x,x,
1481,02.04.2023,01,03,22,27,35,x,x,
1482,03.04.2023,04,13,19,20,29,x,x,
1483,04.04.2023,01,05,10,25,27,x,x,
1484,05.04.2023,05,11,19,22,27,x,x,
1485,06.04.2023,01,06,10,12,31,x,x,
1486,07.04.2023,02,04,21,27,36,x,x,
1487,08.04.2023,02,07,28,31,35,x,x,
1488,09.04.2023,15,16,19,25,35,x,x,
1489,10.04.2023,10,14,16,26,28,x,x,
1490,11.04.2023,04,20,24,29,35,x,x,
1491,12.04.2023,04,10,15,24,25,x,x,
1492,13.04.2023,01,05,19,20,32,x,x,
1493,14.04.2023,02,05,11,20,23,x,x,
1494,15.04.2023,06,09,10,19,22,x,x,
1495,16.04.2023,23,26,30,35,36,x,x,
1496,17.04.2023,02,09,11,19,35,x,x,
1497,18.04.2023,02,06,23,32,34,x,x,
1498,19.04.2023,06,09,10,23,35,x,x,
1499,20.04.2023,06,14,16,33,34,x,x,
1500,21.04.2023,08,25,26,27,32,x,x,
1501,22.04.2023,03,05,12,14,19,x,x,
1502,23.04.2023,13,19,22,33,35,x,x,
1503,24.04.2023,08,09,31,32,35,x,x,
1504,25.04.2023,07,12,27,28,32,x,x,
1505,26.04.2023,07,08,11,17,19,x,x,
1506,27.04.2023,01,06,11,17,32,x,x,
1507,28.04.2023,10,18,22,23,32,x,x,
1508,29.04.2023,03,12,17,20,34,x,x,
1509,30.04.2023,05,06,21,29,30,x,x,
1510,01.05.2023,07,12,32,33,35,x,x,
1511,02.05.2023,07,21,25,32,36,x,x,
1512,03.05.2023,04,11,14,21,35,x,x,
1513,04.05.2023,06,08,23,29,33,x,x,
1514,05.05.2023,14,15,32,34,36,x,x,
1515,06.05.2023,03,08,11,15,28,x,x,
1516,07.05.2023,05,13,16,19,28,x,x,
1517,08.05.2023,06,09,13,16,36,x,x,
1518,09.05.2023,01,11,13,26,36,x,x,
1519,10.05.2023,03,08,09,19,35,x,x,
1520,11.05.2023,10,14,17,22,32,x,x,
1521,12.05.2023,13,22,23,26,34,x,x,
1522,13.05.2023,03,10,28,30,31,x,x,
1523,14.05.2023,12,15,32,34,35,x,x,
1524,15.05.2023,02,05,17,29,32,x,x,
1525,16.05.2023,11,12,14,27,31,x,x,
1526,17.05.2023,01,11,14,27,34,x,x,
1527,18.05.2023,04,09,30,31,35,x,x,
1528,19.05.2023,04,07,20,33,36,x,x,
1529,20.05.2023,11,14,16,26,28,x,x,
1530,21.05.2023,04,05,11,15,33,x,x,
1531,22.05.2023,08,09,10,32,36,x,x,
1532,23.05.2023,01,07,13,23,27,x,x,
1533,24.05.2023,07,11,13,16,32,x,x,
1534,25.05.2023,03,05,10,12,23,x,x,
1535,26.05.2023,09,15,18,22,36,x,x,
1536,27.05.2023,02,12,13,20,22,x,x,
1537,28.05.2023,06,07,16,24,27,x,x,
1538,29.05.2023,09,11,14,24,25,x,x,
1539,30.05.2023,06,18,20,29,30,x,x,
1540,31.05.2023,01,05,15,20,31,x,x,
1541,01.06.2023,05,13,14,25,35,x,x,
1542,02.06.2023,07,08,10,14,24,x,x,
1543,03.06.2023,03,05,14,21,35,x,x,
1544,04.06.2023,11,16,17,34,35,x,x,
1545,05.06.2023,02,14,17,24,27,x,x,
1546,06.06.2023,03,13,18,32,34,x,x,
1547,07.06.2023,15,18,27,28,32,x,x,
1548,08.06.2023,11,21,25,28,36,x,x,
1549,09.06.2023,02,04,13,14,23,x,x,
1550,10.06.2023,10,20,23,32,36,x,x,
1551,11.06.2023,06,07,14,16,23,x,x,
1552,12.06.2023,12,15,16,21,34,x,x,
1553,13.06.2023,11,16,17,30,33,x,x,
1554,14.06.2023,02,12,13,18,23,x,x,
1555,15.06.2023,04,16,19,24,28,x,x,
1556,16.06.2023,08,22,24,32,34,x,x,
1557,17.06.2023,03,09,19,27,30,x,x,
1558,18.06.2023,11,15,25,30,32,x,x,
1559,19.06.2023,09,12,27,32,35,x,x,
1560,20.06.2023,07,08,09,13,31,x,x,
1561,21.06.2023,01,14,25,28,33,x,x,
1562,22.06.2023,10,21,23,24,27,x,x,
1563,23.06.2023,04,06,09,28,34,x,x,
1564,24.06.2023,13,15,27,33,34,x,x,
1565,25.06.2023,07,15,20,25,26,x,x,
1566,26.06.2023,10,12,15,25,27,x,x,
1567,27.06.2023,04,08,09,18,28,x,x,
1568,28.06.2023,07,13,25,27,36,x,x,
1569,29.06.2023,01,05,09,18,28,x,x,
1570,30.06.2023,02,11,12,25,26,x,x,
1571,01.07.2023,12,21,30,31,34,x,x,
1572,02.07.2023,04,06,12,18,35,x,x,
1573,03.07.2023,08,11,21,24,31,x,x,
1574,04.07.2023,11,26,28,33,34,x,x,
1575,05.07.2023,02,03,11,12,28,x,x,
1576,06.07.2023,03,09,20,22,31,x,x,
1577,07.07.2023,01,03,12,30,35,x,x,
1578,08.07.2023,01,17,19,21,28,x,x,
1579,09.07.2023,02,04,15,18,25,x,x,
1580,10.07.2023,04,05,12,19,22,x,x,
1581,11.07.2023,14,20,28,31,33,x,x,
1582,12.07.2023,16,23,24,27,31,x,x,
1583,13.07.2023,01,04,05,06,18,x,x,
1584,14.07.2023,16,20,24,30,35,x,x,
1585,15.07.2023,25,26,29,35,36,x,x,
1586,16.07.2023,07,14,25,27,30,x,x,
1587,17.07.2023,04,19,22,28,34,x,x,
1588,18.07.2023,10,23,25,27,33,x,x,
1589,19.07.2023,10,14,16,17,25,x,x,
1590,20.07.2023,04,07,16,21,25,x,x,
1591,21.07.2023,06,10,11,13,28,x,x,
1592,22.07.2023,01,13,16,26,29,x,x,
1593,23.07.2023,01,15,16,22,23,x,x,
1594,24.07.2023,08,12,14,22,24,x,x,
1595,25.07.2023,01,07,18,20,23,x,x,
1596,26.07.2023,07,08,14,27,35,x,x,
1597,27.07.2023,04,08,26,29,32,x,x,
1598,28.07.2023,06,08,15,30,34,x,x,
1599,29.07.2023,05,08,10,24,25,x,x,
1600,30.07.2023,01,05,13,16,26,x,x,
1601,31.07.2023,01,19,23,30,32,x,x,
1602,01.08.2023,10,11,13,17,32,x,x,
1603,02.08.2023,04,06,17,24,34,x,x,
1604,03.08.2023,02,05,14,20,30,x,x,
1605,04.08.2023,08,11,24,27,31,x,x,
1606,05.08.2023,05,08,23,28,33,x,x,
1607,06.08.2023,01,02,07,11,31,x,x,
1608,07.08.2023,01,05,22,29,34,x,x,
1609,08.08.2023,04,07,08,18,34,x,x,
1610,09.08.2023,08,11,17,26,35,x,x,
1611,10.08.2023,14,17,20,22,26,x,x,
1612,11.08.2023,05,16,27,30,33,x,x,
1613,12.08.2023,01,25,33,35,36,x,x,
1614,13.08.2023,14,15,16,28,33,x,x,
1615,14.08.2023,01,09,21,24,31,x,x,
1616,15.08.2023,06,10,14,15,34,x,x,
1617,16.08.2023,04,05,25,31,36,x,x,
1618,17.08.2023,01,02,11,17,32,x,x,
1619,18.08.2023,02,16,25,28,33,x,x,
1620,19.08.2023,11,13,18,21,32,x,x,
1621,20.08.2023,01,14,20,32,36,x,x,
1622,21.08.2023,05,06,08,12,18,x,x,
1623,22.08.2023,02,12,15,27,36,x,x,
1624,23.08.2023,03,12,14,22,23,x,x,
1625,24.08.2023,06,08,20,29,33,x,x,
1626,25.08.2023,13,21,28,29,35,x,x,
1627,26.08.2023,09,10,12,15,18,x,x,
1628,27.08.2023,08,12,20,26,28,x,x,
1629,28.08.2023,04,14,22,30,32,x,x,
1630,29.08.2023,06,11,22,24,25,x,x,
1631,30.08.2023,03,05,13,34,35,x,x,
1632,31.08.2023,04,07,11,26,31,x,x,
1633,01.09.2023,08,31,33,35,36,x,x,
1634,02.09.2023,02,12,24,25,33,x,x,
1635,03.09.2023,08,14,17,25,34,x,x,
1636,04.09.2023,01,08,10,13,22,x,x,
1637,05.09.2023,05,16,17,23,35,x,x,
1638,06.09.2023,04,15,17,24,26,x,x,
1639,07.09.2023,01,07,09,15,31,x,x,
1640,08.09.2023,06,10,23,24,36,x,x,
1641,09.09.2023,03,15,19,20,25,x,x,
1642,10.09.2023,01,09,13,14,19,x,x,
1643,11.09.2023,04,06,22,32,35,x,x,
1644,12.09.2023,04,11,15,29,32,x,x,
1645,13.09.2023,10,12,16,18,20,x,x,
1646,14.09.2023,08,12,16,22,28,x,x,
1647,15.09.2023,02,08,33,34,36,x,x,
1648,16.09.2023,05,09,12,30,35,x,x,
1649,17.09.2023,02,08,19,29,30,x,x,
1650,18.09.2023,03,04,30,31,32,x,x,
1651,19.09.2023,01,08,26,30,33,x,x,
1652,20.09.2023,07,09,18,26,31,x,x,
1653,21.09.2023,04,05,06,12,24,x,x,
1654,22.09.2023,10,13,16,28,30,x,x,
1655,23.09.2023,10,12,22,31,34,x,x,
1656,24.09.2023,08,09,15,26,28,x,x,
1657,25.09.2023,03,10,18,22,33,x,x,
1658,26.09.2023,02,07,10,26,27,x,x,
1659,27.09.2023,16,19,25,32,33,x,x,
1660,28.09.2023,05,09,10,23,30,x,x,
1661,29.09.2023,02,07,11,15,29,x,x,
1662,30.09.2023,03,07,17,24,36,x,x,
1663,01.10.2023,16,17,23,25,31,x,x,
1664,02.10.2023,01,05,07,17,22,x,x,
1665,03.10.2023,02,07,11,18,28,x,x,
1666,04.10.2023,05,08,16,17,36,x,x,
1667,05.10.2023,07,09,17,23,24,x,x,
1668,06.10.2023,05,12,14,26,27,x,x,
1669,07.10.2023,03,20,21,22,27,x,x,
1670,08.10.2023,02,08,14,23,32,x,x,
1671,09.10.2023,01,13,29,31,35,x,x,
1672,10.10.2023,03,10,13,31,34,x,x,
1673,11.10.2023,01,12,21,31,33,x,x,
1674,12.10.2023,06,07,09,11,13,x,x,
1675,13.10.2023,03,13,14,17,23,x,x,
1676,14.10.2023,12,14,18,19,22,x,x,
1677,15.10.2023,10,16,23,33,34,x,x,
1678,16.10.2023,03,17,20,22,27,x,x,
1679,17.10.2023,12,22,28,30,35,x,x,
1680,18.10.2023,17,22,29,30,32,x,x,
1681,19.10.2023,06,08,12,16,36,x,x,
1682,20.10.2023,01,03,13,21,30,x,x,
1683,21.10.2023,14,16,21,24,31,x,x,
1684,22.10.2023,02,06,12,14,15,x,x,
1685,23.10.2023,03,07,15,18,21,x,x,
1686,24.10.2023,03,09,16,18,34,x,x,
1687,25.10.2023,10,29,30,31,35,x,x,
1688,26.10.2023,01,03,12,22,28,x,x,
1689,27.10.2023,11,13,14,18,34,x,x,
1690,28.10.2023,06,07,16,22,31,x,x,
1691,29.10.2023,12,13,20,26,34,x,x,
1692,30.10.2023,02,10,31,33,36,x,x,
1693,31.10.2023,13,16,20,28,29,x,x,
1694,01.11.2023,09,13,17,26,29,x,x,
1695,02.11.2023,16,19,21,25,35,x,x,
1696,03.11.2023,15,18,20,21,28,x,x,
1697,04.11.2023,04,14,16,35,36,x,x,
1698,05.11.2023,04,17,21,23,34,x,x,
1699,06.11.2023,04,07,15,19,28,x,x,
1700,07.11.2023,01,05,07,18,36,x,x,
1701,08.11.2023,21,28,30,34,36,x,x,
1702,09.11.2023,11,13,16,20,25,x,x,
1703,10.11.2023,08,16,17,33,36,x,x,
1704,11.11.2023,12,19,27,29,35,x,x,
1705,12.11.2023,05,06,19,20,31,x,x,
1706,13.11.2023,13,22,31,33,36,x,x,
1707,14.11.2023,05,06,11,13,28,x,x,
1708,15.11.2023,05,11,17,22,36,x,x,
1709,16.11.2023,02,08,19,28,36,x,x,
1710,17.11.2023,06,12,20,31,33,x,x,
1711,18.11.2023,05,21,31,33,34,x,x,
1712,19.11.2023,08,10,20,23,28,x,x,
1713,20.11.2023,02,11,28,30,35,x,x,
1714,21.11.2023,01,03,06,07,30,x,x,
1715,22.11.2023,05,09,14,27,31,x,x,
1716,23.11.2023,03,21,24,28,33,x,x,
1717,24.11.2023,01,16,31,32,36,x,x,
1718,25.11.2023,01,04,07,20,24,x,x,
1719,26.11.2023,01,07,15,26,27,x,x,
1720,27.11.2023,04,14,15,23,29,x,x,
1721,28.11.2023,06,21,29,33,36,x,x,
1722,29.11.2023,18,19,26,31,35,x,x,
1723,30.11.2023,07,13,21,23,35,x,x,
1724,01.12.2023,09,16,17,19,29,x,x,
1725,02.12.2023,01,29,31,33,35,x,x,
1726,03.12.2023,01,09,20,22,25,x,x,
1727,04.12.2023,06,07,10,12,34,x,x,
1728,05.12.2023,05,08,19,27,31,x,x,
1729,06.12.2023,02,04,09,32,35,x,x,
1730,07.12.2023,13,18,23,24,27,x,x,
1731,08.12.2023,09,14,22,30,36,x,x,
1732,09.12.2023,13,22,32,33,34,x,x,
1733,10.12.2023,02,05,11,29,35,x,x,
1734,11.12.2023,06,13,15,20,21,x,x,
1735,12.12.2023,10,19,22,32,36,x,x,
1736,13.12.2023,04,22,23,24,32,x,x,
1737,14.12.2023,01,03,08,10,14,x,x,
1738,15.12.2023,03,14,17,23,36,x,x,
1739,16.12.2023,02,14,15,29,30,x,x,
1740,17.12.2023,11,16,17,21,27,x,x,
1741,18.12.2023,01,15,16,23,32,x,x,
1742,19.12.2023,01,07,09,21,34,x,x,
1743,20.12.2023,01,10,18,20,29,x,x,
1744,21.12.2023,06,10,11,15,33,x,x,
1745,22.12.2023,20,24,25,28,36,x,x,
1746,23.12.2023,06,18,23,29,34,x,x,
1747,24.12.2023,07,09,12,17,18,x,x,
1748,26.12.2023,14,16,19,35,36,x,x,
1749,27.12.2023,03,08,10,19,27,x,x,
1750,28.12.2023,03,06,19,30,32,x,x,
1751,29.12.2023,06,15,18,19,21,x,x,
1752,30.12.2023,01,09,20,22,26,x,x,
1753,31.12.2023,11,14,33,35,36,x,x,
1754,01.01.2024,02,03,14,17,32,x,x,
1755,02.01.2024,16,19,27,30,33,x,x,
1756,03.01.2024,02,10,25,31,34,x,x,
1757,04.01.2024,03,07,14,19,34,x,x,
1758,05.01.2024,03,06,18,29,34,x,x,
1759,06.01.2024,08,17,21,29,32,x,x,
1760,07.01.2024,04,20,25,29,31,x,x,
1761,08.01.2024,04,12,19,23,26,x,x,
1762,09.01.2024,03,06,13,17,27,x,x,
1763,10.01.2024,03,04,09,13,19,x,x,
1764,11.01.2024,09,14,18,27,32,x,x,
1765,12.01.2024,01,08,25,34,36,x,x,
1766,13.01.2024,05,07,09,11,30,x,x,
1767,14.01.2024,10,19,27,33,35,x,x,
1768,15.01.2024,05,25,27,33,34,x,x,
1769,16.01.2024,07,09,25,28,34,x,x,
1770,17.01.2024,03,17,20,24,33,x,x,
1771,18.01.2024,12,15,22,29,31,x,x,
1772,19.01.2024,09,10,21,32,35,x,x,
1773,20.01.2024,05,06,14,30,33,x,x,
1774,21.01.2024,01,04,18,19,22,x,x,
1775,22.01.2024,02,09,18,31,34,x,x,
1776,23.01.2024,15,22,23,25,36,x,x,
1777,24.01.2024,09,11,22,26,27,x,x,
1778,25.01.2024,01,03,11,12,32,x,x,
1779,26.01.2024,02,10,17,21,33,x,x,
1780,27.01.2024,10,14,27,29,32,x,x,
1781,28.01.2024,09,14,15,34,35,x,x,
1782,29.01.2024,08,10,11,22,23,x,x,
1783,30.01.2024,03,10,16,29,30,x,x,
1784,31.01.2024,04,09,10,12,29,x,x,
1785,01.02.2024,10,18,28,34,35,x,x,
1786,02.02.2024,11,13,16,20,33,x,x,
1787,03.02.2024,05,08,22,33,36,x,x,
1788,04.02.2024,01,02,11,18,23,x,x,
1789,05.02.2024,03,10,12,14,28,x,x,
1790,06.02.2024,08,16,21,32,33,x,x,
1791,07.02.2024,07,10,11,19,32,x,x,
1792,08.02.2024,02,16,24,27,33,x,x,
1793,09.02.2024,10,24,29,34,36,x,x,
1794,10.02.2024,07,12,16,24,29,x,x,
1795,11.02.2024,09,10,13,14,17,x,x,
1796,12.02.2024,03,14,27,30,34,x,x,
1797,13.02.2024,07,08,16,26,30,x,x,
1798,14.02.2024,01,04,10,29,36,x,x,
1799,15.02.2024,02,10,16,19,34,x,x,
1800,16.02.2024,01,14,18,20,32,x,x,
1801,17.02.2024,08,10,15,25,28,x,x,
1802,18.02.2024,05,06,16,17,33,x,x,
1803,19.02.2024,01,02,05,26,27,x,x,
1804,20.02.2024,07,13,22,30,32,x,x,
1805,21.02.2024,01,09,16,35,36,x,x,
1806,22.02.2024,05,13,15,16,29,x,x,
1807,23.02.2024,04,19,25,26,33,x,x,
1808,24.02.2024,01,02,11,15,20,x,x,
1809,28.02.2024,04,17,26,27,29,x,x,
1810,29.02.2024,07,14,16,21,28,x,x,
1811,01.03.2024,20,22,24,29,31,x,x,
1812,02.03.2024,06,09,15,16,36,x,x,
1813,03.03.2024,06,07,15,24,34,x,x,
1814,04.03.2024,06,09,12,18,27,x,x,
1815,05.03.2024,03,04,06,08,23,x,x,
1816,06.03.2024,04,09,12,28,30,x,x,
1817,07.03.2024,03,12,13,22,28,x,x,
1818,08.03.2024,10,11,12,15,21,x,x,
1819,09.03.2024,11,16,18,20,29,x,x,
1820,10.03.2024,06,07,12,18,29,x,x,
1821,11.03.2024,04,09,12,16,21,x,x,
1822,12.03.2024,03,27,28,34,36,x,x,
1823,13.03.2024,04,08,13,15,29,x,x,
1824,14.03.2024,11,24,27,32,35,x,x,
1825,15.03.2024,04,08,23,24,34,x,x,
1826,16.03.2024,03,13,15,25,28,x,x,
1827,17.03.2024,04,05,19,26,28,x,x,
1828,18.03.2024,04,05,09,27,35,x,x,
1829,19.03.2024,09,16,18,19,24,x,x,
1830,20.03.2024,10,18,19,25,34,x,x,
1831,21.03.2024,08,17,21,22,30,x,x,
1832,22.03.2024,06,07,09,16,30,x,x,
1833,23.03.2024,07,08,20,24,31,x,x,
1834,24.03.2024,07,09,10,27,35,x,x,
1835,25.03.2024,04,08,15,33,35,x,x,
1836,26.03.2024,02,04,05,11,18,x,x,
1837,27.03.2024,01,03,08,10,28,x,x,
1838,30.03.2024,01,06,13,14,35,x,x,
1839,31.03.2024,04,05,06,09,11,x,x,
1840,01.04.2024,05,11,18,23,31,x,x,
1841,02.04.2024,14,24,31,33,36,x,x,
1842,03.04.2024,02,08,22,27,36,x,x,
1843,04.04.2024,01,08,21,26,29,x,x,
1844,05.04.2024,02,10,11,33,35,x,x,
1845,06.04.2024,04,17,30,33,35,x,x,
1846,07.04.2024,02,04,07,14,23,x,x,
1847,08.04.2024,08,11,14,28,31,x,x,
1848,09.04.2024,02,08,26,28,31,x,x,
1849,10.04.2024,06,10,21,27,35,x,x,
1850,11.04.2024,02,05,09,26,34,x,x,
1851,12.04.2024,09,11,19,31,34,x,x,
1852,13.04.2024,06,08,13,23,31,x,x,
1853,14.04.2024,02,07,26,31,34,x,x,
1854,15.04.2024,01,12,13,17,25,x,x,
1855,16.04.2024,02,04,09,22,27,x,x,
1856,17.04.2024,08,18,29,33,34,x,x,
1857,18.04.2024,15,19,28,33,34,x,x,
1858,19.04.2024,04,06,23,29,32,x,x,
1859,20.04.2024,08,14,17,28,33,x,x,
1860,21.04.2024,04,09,11,24,26,x,x,
1861,22.04.2024,04,10,12,13,36,x,x,
1862,23.04.2024,06,12,23,35,36,x,x,
1863,24.04.2024,03,05,26,28,33,x,x,
1864,25.04.2024,05,08,10,21,30,x,x,
1865,28.04.2024,06,09,29,31,34,x,x,
1866,29.04.2024,07,09,25,26,36,x,x,
1867,30.04.2024,01,22,30,32,35,x,x,
1868,01.05.2024,03,07,14,20,29,x,x,
1869,02.05.2024,02,08,25,29,31,x,x,
1870,03.05.2024,02,05,18,24,26,x,x,
1871,04.05.2024,09,23,24,32,34,x,x,
1872,05.05.2024,14,17,18,28,31,x,x,
1873,06.05.2024,03,06,10,11,31,x,x,
1874,07.05.2024,01,05,11,22,28,x,x,
1875,08.05.2024,08,18,22,26,28,x,x,
1876,09.05.2024,03,15,24,26,33,x,x,
1877,10.05.2024,01,04,05,18,33,x,x,
1878,11.05.2024,06,08,26,27,30,x,x,
1879,12.05.2024,07,08,11,29,31,x,x,
1880,13.05.2024,08,09,11,13,16,x,x,
1881,14.05.2024,07,18,20,24,25,x,x,
1882,15.05.2024,07,15,22,23,31,x,x,
1883,16.05.2024,12,15,26,28,32,x,x,
1884,17.05.2024,03,07,13,27,36,x,x,
1885,18.05.2024,07,11,13,17,36,x,x,
1886,19.05.2024,07,20,23,33,36,x,x,
1887,20.05.2024,09,16,31,35,36,x,x,
1888,21.05.2024,01,03,17,34,35,x,x,
1889,22.05.2024,04,18,30,33,35,x,x,
1890,23.05.2024,13,19,23,31,32,x,x,
1891,24.05.2024,17,20,22,29,36,x,x,
1892,25.05.2024,03,09,13,34,35,x,x,
1893,26.05.2024,02,04,09,18,22,x,x,
1894,27.05.2024,01,02,03,05,22,x,x,
1895,28.05.2024,06,16,19,25,31,x,x,
1896,29.05.2024,10,13,21,24,33,x,x,
1897,30.05.2024,03,04,08,21,33,x,x,
1898,31.05.2024,01,19,29,31,34,x,x,
1899,01.06.2024,03,08,13,22,24,x,x,
1900,02.06.2024,08,10,22,30,36,x,x,
1901,03.06.2024,02,10,17,26,36,x,x,
1902,04.06.2024,02,11,20,26,27,x,x,
1903,05.06.2024,01,06,10,13,29,x,x,
1904,06.06.2024,11,15,23,26,34,x,x,
1905,07.06.2024,04,13,18,22,25,x,x,
1906,08.06.2024,01,07,12,24,33,x,x,
1907,09.06.2024,03,18,21,23,29,x,x,
1908,10.06.2024,05,11,16,21,25,x,x,
1909,11.06.2024,01,08,09,25,29,x,x,
1910,12.06.2024,18,19,20,34,35,x,x,
1911,13.06.2024,05,24,34,35,36,x,x,
1912,14.06.2024,02,15,20,35,36,x,x,
1913,15.06.2024,04,16,18,21,31,x,x,
1914,16.06.2024,11,12,15,25,35,x,x,
1915,17.06.2024,02,04,11,14,34,x,x,
1916,18.06.2024,04,06,11,14,24,x,x,
1917,19.06.2024,07,09,23,24,32,x,x,
1918,20.06.2024,01,05,10,20,28,x,x,
1919,21.06.2024,07,15,17,18,34,x,x,
1920,22.06.2024,01,05,08,24,32,x,x,
1921,23.06.2024,08,09,12,21,23,x,x,
1922,24.06.2024,09,11,15,21,27,x,x,
1923,25.06.2024,07,10,23,27,30,x,x,
1924,28.06.2024,04,14,15,23,25,x,x,
1925,29.06.2024,10,11,21,33,36,x,x,
1926,30.06.2024,01,02,11,13,32,x,x,
1927,01.07.2024,16,18,25,31,32,x,x,
1928,02.07.2024,01,16,22,24,30,x,x,
1929,03.07.2024,11,13,17,31,34,x,x,
1930,04.07.2024,01,09,13,34,36,x,x,
1931,05.07.2024,08,10,24,27,32,x,x,
1932,06.07.2024,10,11,16,30,34,x,x,
1933,07.07.2024,12,14,15,16,30,x,x,
1934,08.07.2024,06,12,16,32,34,x,x,
1935,09.07.2024,03,15,17,28,31,x,x,
1936,10.07.2024,12,14,19,21,26,x,x,
1937,11.07.2024,04,13,15,25,28,x,x,
1938,12.07.2024,09,15,20,30,35,x,x,
1939,13.07.2024,06,07,14,17,30,x,x,
1940,14.07.2024,10,16,25,32,34,x,x,
1941,15.07.2024,01,04,22,29,32,x,x,
1942,16.07.2024,01,07,11,18,35,x,x,
1943,17.07.2024,02,19,23,30,35,x,x,
1944,18.07.2024,04,25,26,32,36,x,x,
1945,19.07.2024,11,22,24,26,32,x,x,
1946,20.07.2024,17,20,24,32,36,x,x,
