0630,01.12.2015,06,10,13,20,44,15,Believe/DESIREP5/PB5
0631,04.12.2015,02,03,25,41,43,19,WISH/DESIRE,P5/PB5
0632,08.12.2015,01,10,19,29,34,01,WISH/INSPIREP5/PB5
0633,11.12.2015,04,06,33,43,44,13,Desire/DelightP9/PB10,
0634,15.12.2015,01,07,25,37,41,20,DREAM/WISHP9/PB17,
0635,18.12.2015,03,05,14,21,41,05,WISH/INSPIREP6/PB10,
0636,22.12.2015,14,15,26,32,43,15,DREAM/DESIREP2/PB2
0637,29.12.2015,04,10,20,31,35,14,Believe/DESIREP6/PB16,
0638,01.01.2016,03,09,26,29,41,16,WISH/INSPIREP9/PB8
0639,05.01.2016,05,07,23,26,35,03,Believe/Delight,P9/PB10,
0640,08.01.2016,08,11,41,42,43,19,Desire/DREAMP5/PB5
0641,12.01.2016,03,05,09,38,39,07,DELIGHT/WISHP7/PB8
0642,15.01.2016,03,12,16,29,43,18,DELIGHT/DESIREP7/PB17,
0643,19.01.2016,06,10,31,38,44,04,INSPIRE/Delight,P10/PB17
0644,22.01.2016,21,23,29,34,42,20,Desire/BELIEVEP6/PB17,
0645,26.01.2016,03,05,19,29,32,19,INSPIRE/WISHP6/PB7
0646,29.01.2016,07,17,20,26,43,17,Desire/INSPIREP11/PB6,
0647,02.02.2016,25,26,35,42,44,04,DREAM/DESIREP11/PB8,
0648,05.02.2016,02,07,29,37,45,03,WISH/BELIEVEP2/PB2
0649,09.02.2016,12,15,42,44,45,11,Believe/DESIREP2/PB2
0650,12.02.2016,13,23,24,42,44,07,DELIGHT/WISHP10/PB16
0651,16.02.2016,06,11,23,33,34,11,DELIGHT/INSPIRE,P11/PB12
0652,19.02.2016,06,22,28,31,41,19,Believe/DESIREP6/PB18,
0653,23.02.2016,01,03,07,27,41,02,DELIGHT/BELIEVE,P2/PB2
0654,26.02.2016,02,08,28,39,41,03,Desire/INSPIREP10/PB18
0655,01.03.2016,07,17,24,40,41,09,WISH/DelightP10/PB12
0656,04.03.2016,15,18,24,30,39,16,DELIGHT/DREAM,P11/PB21
0657,08.03.2016,14,25,32,37,41,19,Desire/INSPIREP2/PB2
0658,11.03.2016,10,16,19,25,40,10,INSPIRE/BELIEVE,P11/PB12
0659,15.03.2016,20,34,38,39,43,17,DREAM/DESIREP6/PB12,
0660,18.03.2016,01,17,30,34,37,20,Desire/DREAMP11/PB12
0661,22.03.2016,06,19,28,34,42,09,Believe/WISHP10/PB21
0662,25.03.2016,01,06,11,30,42,11,Desire/DelightP2/PB2
0663,29.03.2016,06,08,23,29,45,02,Desire/INSPIREP10/PB6,
0664,01.04.2016,06,27,33,41,45,06,IMAGINE/WISHP11/PB14
0665,05.04.2016,02,04,17,26,45,16,DREAM/WISHP11/PB7,
0666,08.04.2016,13,21,31,34,39,06,Desire/ImagineP6/PB14,
0667,12.04.2016,02,06,16,34,36,19,WISH/DESIRE,P11/PB18
0668,15.04.2016,05,23,34,38,45,10,IMAGINE/WISHP11/PB7,
0669,19.04.2016,12,17,28,30,37,05,Believe/WISHP9/PB16,
0670,22.04.2016,01,11,25,26,37,20,INSPIRE/Imagine,P7/PB7
0671,26.04.2016,10,20,26,30,32,06,DREAM/BELIEVE,P8/PB22,
0672,29.04.2016,01,06,08,42,45,08,DREAM/DESIREP7/PB20,
0673,03.05.2016,03,25,31,36,45,20,DREAM/Imagine,P7/PB21,
0674,06.05.2016,05,12,16,17,23,01,Believe/INSPIRE,P9/PB20,
0675,10.05.2016,07,11,13,34,42,16,IMAGINE/INSPIRE,P11/PB20
0676,13.05.2016,04,24,37,39,43,18,IMAGINE/DESIREP8/PB13,
0677,17.05.2016,18,22,28,29,31,04,Believe/Imagine,P9/PB13,
0678,20.05.2016,04,15,29,38,45,07,Dream/WishP11/PB15
0679,24.05.2016,02,10,25,26,45,18,Wish/InspireP11/PB18
0680,27.05.2016,07,24,26,38,41,08,Desire/BelieveP7/PB15,
0681,31.05.2016,03,11,21,22,27,17,Inspire/WishP10/PB12
0682,03.06.2016,09,10,16,20,44,13,Inspire/DesireP2/PB2
0683,07.06.2016,01,02,14,20,29,13,Imagine/WishP10/PB15
0684,10.06.2016,10,23,39,43,45,18,Desie/Imagine,P10/PB12
0685,14.06.2016,04,07,17,40,43,01,Imagine/Dream,P3/PB3
0686,17.06.2016,02,06,22,27,28,13,Dream/WishP8/PB13,
0687,21.06.2016,03,18,21,32,43,09,Dream/Inspire,P7/PB15,
0688,24.06.2016,16,20,33,34,41,02,Dream/DesireP7/PB19,
0689,28.06.2016,26,30,34,41,44,11,Dream/DesireP7/PB16,
0690,01.07.2016,23,25,35,37,41,11,Believe/Delight,P6/PB9
0691,05.07.2016,17,25,29,40,45,06,Imagine/Dream,P2/PB2
0692,08.07.2016,01,12,13,21,42,16,Imagine/DesireP9/PB8
0693,12.07.2016,01,12,18,19,42,17,Wish/BelieveP9/PB9
0694,15.07.2016,05,21,31,33,41,10,Believe/WishP3/PB3
0695,19.07.2016,05,06,16,30,40,05,Believe/Imagine,P3/PB3
0696,22.07.2016,03,26,28,40,44,07,Inspire/Delight,P7/PB19,
0697,26.07.2016,06,10,29,35,42,10,Desire/DelightP11/PB22
0698,29.07.2016,01,09,21,30,35,08,Believe/WishP10/PB8,
0699,02.08.2016,10,14,27,28,45,02,Imagine/Believe,P10/PB6,
0700,05.08.2016,03,12,20,26,39,01,Wish/DreamP10/PB16
0701,09.08.2016,24,27,28,37,41,17,Wish/Desire,P7/PB9
0702,12.08.2016,04,05,16,38,41,17,Inspire/Delight,P7/PB8
0703,16.08.2016,07,13,16,38,40,19,Wish/DreamP10/PB10
0704,19.08.2016,08,12,26,33,37,11,Desire/BelieveP11/PB10
0705,23.08.2016,02,03,23,28,33,18,Desire/DreamP8/PB15,
0706,26.08.2016,05,09,16,32,37,11,Imagine/WishP11/PB24
0707,30.08.2016,01,05,10,38,42,20,Believe/Delight,P8/PB22,
0708,02.09.2016,09,17,19,29,35,19,Inspire/DesireP9/PB15,
0709,06.09.2016,03,15,26,33,40,05,Dream/DesireP9/PB6
0710,09.09.2016,07,08,22,34,36,13,Believe/DesireP8/PB6
0711,13.09.2016,21,22,24,38,39,02,Imagine/WishP11/PB11
0712,16.09.2016,04,09,19,27,34,12,Wish/ImagineP11/PB15
0713,20.09.2016,05,10,18,19,43,07,Desire/DelightP6/PB10,
0714,23.09.2016,03,07,21,37,41,09,Delight/WishP7/PB10,
0715,27.09.2016,01,03,05,31,34,12,Delight/DesireP6/PB11,
0716,30.09.2016,01,11,32,37,40,04,Dream/DesireP6/PB23,
0717,04.10.2016,18,21,30,34,39,06,Inspire/WishP9/PB23,
0718,07.10.2016,07,34,37,42,45,03,Delight/Inspire,P3/PB3
0719,11.10.2016,04,21,27,30,43,19,Wish/DelightP8/PB16,
0720,14.10.2016,06,12,30,35,45,01,Wish/BelieveP2/PB2
0721,18.10.2016,25,32,33,36,40,11,Believe/Dream,P5/PB5
0722,21.10.2016,06,09,24,28,43,14,Believe/Inspire,P3/PB3
0723,25.10.2016,09,17,20,22,23,04,Wish/BelieveP3/PB3
0724,28.10.2016,05,08,17,37,42,15,Dream/Believe,P2/PB2
0725,01.11.2016,04,30,35,38,45,18,Dream/Inspire,P2/PB2
0726,04.11.2016,12,17,19,38,42,12,Inspire/Delight,P8/PB23,
0727,08.11.2016,04,11,13,31,43,03,Wish/DreamP8/PB23,
0728,11.11.2016,05,14,27,39,40,19,Inspire/Dream,P7/PB13,
0729,15.11.2016,10,14,22,24,31,12,Believe/DesireP8/PB13,
0730,18.11.2016,08,12,14,30,36,19,Inspire/WishP8/PB13,
0731,22.11.2016,07,13,29,32,34,14,Desire/InspireP11/PB8,
0732,25.11.2016,06,07,17,27,43,06,Inspire/Delight,P11/PB8,
0733,29.11.2016,10,16,29,33,36,17,Delight/DesireP7/PB13,
0734,02.12.2016,03,09,12,20,37,07,Dream/Believe,P6/PB25,
0735,06.12.2016,05,24,25,28,45,19,Delight/DesireP6/PB16,
0736,09.12.2016,02,04,05,08,23,12,Inspire/DesireP6/PB13,
0737,13.12.2016,07,17,20,24,43,03,Wish/DreamP6/PB16,
0738,16.12.2016,01,03,23,24,27,01,Believe/WishP10/PB13
0739,20.12.2016,18,23,26,34,43,09,Inspire/Delight,P8/PB11,
0740,23.12.2016,03,22,37,38,42,19,Delight/Inspire,P8/PB11,
0741,27.12.2016,10,13,16,29,45,16,Inspire/Dream,P11/PB11
0742,30.12.2016,09,18,20,32,38,04,Dream/Inspire,P7/PB16,
0743,03.01.2017,01,09,24,30,34,15,Inspire/Delight,P10/PB19
0744,06.01.2017,01,04,13,36,44,05,Desire/DreamP11/PB11
0745,10.01.2017,09,11,13,20,31,20,Wish/DelightP11/PB15
0746,13.01.2017,09,11,20,33,43,05,Inspire/WishP8/PB25,
0747,17.01.2017,04,17,25,34,43,06,Dream/Delight,P9/PB25,
0748,20.01.2017,02,07,08,17,23,11,Desire/DreamP9/PB25,
0749,24.01.2017,17,19,27,31,45,13,Desire/DreamP9/PB24,
0750,27.01.2017,09,27,28,31,34,09,Inspire/DesireP8/PB25,
0751,31.01.2017,01,06,20,35,39,19,Desire/DreamP7/PB23,
0752,03.02.2017,25,26,28,30,38,19,Dream/WishP6/PB24,
0753,07.02.2017,05,27,30,33,41,20,Delight/DesireP9/PB7
0754,10.02.2017,12,15,16,33,41,16,Dream/Delight,P5/PB5
0755,14.02.2017,10,13,17,39,43,20,Wish/DelightP3/PB3
0756,17.02.2017,12,24,27,36,44,01,Believe/Delight,P5/PB5
0757,21.02.2017,05,09,27,29,43,13,Wish/Desire,P2/PB2
0758,24.02.2017,05,16,23,26,33,14,Desire/InspireP2/PB2
0759,28.02.2017,04,11,13,34,38,16,Inspire/DesireP5/PB5
0760,03.03.2017,04,11,23,27,29,12,Believe/Delight,P6/PB7
0761,07.03.2017,01,03,23,27,33,17,Dream/Believe,P7/PB7
0762,10.03.2017,11,19,29,30,31,10,Desire/Wish,P8/PB23,
0763,14.03.2017,11,25,33,37,41,01,Delight/WishP11/PB7,
0764,17.03.2017,06,10,11,13,17,11,Dream/Inspire,P9/PB21,
0765,21.03.2017,05,07,15,17,27,17,Believe/Delight,P8/PB18,
0766,24.03.2017,17,25,29,36,41,14,Delight/DesireP11/PB21
0767,28.03.2017,04,05,21,22,29,16,Desire/Wish,P11/PB8,
0768,31.03.2017,09,13,34,39,42,08,Dream/Inspire,P11/PB16
0769,04.04.2017,11,30,32,40,42,20,Dream/Believe,P7/PB10,
0770,07.04.2017,23,29,30,31,33,20,Wish/ImagineP7/PB10,
0771,11.04.2017,15,33,35,44,45,18,Dream/Imagine,P6/PB18,
0772,14.04.2017,05,07,15,20,43,01,Believe/DesireP10/PB18
0773,18.04.2017,06,17,34,35,41,17,Dream/Inspire,P10/PB19
0774,19.04.2017,07,08,12,27,35,24,x/x,x/x,
0775,21.04.2017,01,19,29,38,41,12,Believe/Delight,P7/PB19,
0776,25.04.2017,08,24,26,27,33,16,Delight/Imagine,P6/PB10,
0777,28.04.2017,13,20,21,41,45,06,Wish/DelightP7/PB16,
0778,02.05.2017,03,04,08,17,28,19,Inspire/Imagine,P8/PB19,
0779,05.05.2017,05,09,19,39,40,14,Desire/DreamP2/PB2
0780,09.05.2017,08,20,34,36,44,11,Delight/Dream,P5/PB5
0781,12.05.2017,06,25,26,32,43,20,Dream/Imagine,P3/PB3
0782,16.05.2017,08,09,28,36,38,07,Imagine/WishP5/PB5
0783,19.05.2017,03,24,34,35,44,14,Wish/InspireP3/PB3
0784,23.05.2017,19,22,23,25,43,14,Dream/Inspire,P2/PB2
0785,26.05.2017,07,12,20,21,28,13,Desire/InspireP6/PB13,
0786,30.05.2017,07,26,33,43,45,18,Believe/Dream,P8/PB11,
0787,02.06.2017,09,19,25,28,40,10,Inspire/Dream,P6/PB22,
0788,06.06.2017,05,15,30,38,44,06,Believe/Imagine,P11/PB11
0789,09.06.2017,04,18,19,27,31,19,Imagine/WishP7/PB13,
0790,13.06.2017,06,15,32,33,40,06,Imagine/Believe,P8/PB18,
0791,16.06.2017,31,34,40,42,44,14,Believe/Dream,P9/PB22,
0792,20.06.2017,02,09,15,16,17,14,Imagine/DesireP7/PB22,
0793,23.06.2017,07,11,29,37,40,17,Desire/Wish,P10/PB18
0794,27.06.2017,01,27,28,35,42,10,Desire/DreamP7/PB18,
0795,30.06.2017,01,02,07,22,31,15,Dream/Believe,P10/PB22
0796,04.07.2017,18,22,30,34,35,02,Imagine/Believe,P10/PB18
0797,07.07.2017,01,04,05,24,35,20,Inspire/Dream,P9/PB10,
0798,11.07.2017,09,10,13,27,36,17,Inspire/Imagine,P9/PB6
0799,14.07.2017,11,25,26,41,43,08,Desire/Wish,P2/PB2
0800,18.07.2017,22,25,30,31,36,14,Imagine/Inspire,P3/PB3
0801,21.07.2017,11,16,20,22,38,03,Dream/Inspire,P5/PB5
0802,25.07.2017,11,14,31,33,34,06,Wish/InspireP2/PB2
0803,28.07.2017,06,18,23,33,34,04,Wish/Desire,P2/PB2
0804,01.08.2017,12,21,27,33,40,09,Desire/ImagineP6/PB10,
0805,04.08.2017,03,22,38,43,45,15,Believe/Inspire,P6/PB12,
0806,08.08.2017,09,13,26,28,34,05,Believe/Inspire,P7/PB10,
0807,11.08.2017,03,17,23,36,43,16,IMAGINE/BELIEVE,P11/PB10
0808,15.08.2017,15,24,29,30,43,04,Inspire/Believe,P6/PB25,
0809,18.08.2017,11,14,20,27,38,04,Wish/DreamP7/PB24,
0810,22.08.2017,10,12,23,29,35,18,WISH/BELIEVEP7/PB23,
0811,25.08.2017,13,20,24,34,45,10,Imagine/Dream,P11/PB24
0812,29.08.2017,04,10,14,32,37,20,x/x,x/x,
0813,01.09.2017,28,32,34,37,39,11,x/x,x/x,
0814,05.09.2017,07,09,20,24,36,02,Believe/Imagine,P10/PB14
0815,08.09.2017,04,22,23,27,35,10,x/x,x/x,
0816,12.09.2017,05,16,21,26,34,18,RNG2/RNG2,RNG/RNG,
0817,15.09.2017,15,21,30,38,42,12,RNG2/RNG2,RNG/RNG,
0818,19.09.2017,06,14,35,39,41,15,RNG2/RNG2,RNG/RNG,
0819,22.09.2017,03,08,12,19,41,10,RNG2/RNG2,RNG/RNG,
0820,26.09.2017,15,21,30,33,40,16,RNG2/RNG2,RNG/RNG,
0821,29.09.2017,18,22,28,36,39,05,RNG2/RNG2,RNG/RNG,
0822,03.10.2017,09,15,26,41,45,12,RNG2/RNG2,RNG/RNG,
0823,06.10.2017,07,11,16,19,32,05,RNG2/RNG2,RNG/RNG,
0824,10.10.2017,06,22,27,29,32,02,RNG2/RNG2,RNG/RNG,
0825,13.10.2017,16,19,20,29,35,13,RNG2/RNG2,RNG/RNG,
0826,17.10.2017,09,22,25,40,45,09,RNG2/RNG2,RNG/RNG,
0827,20.10.2017,01,06,22,27,42,19,RNG2/RNG2,RNG/RNG,
0828,24.10.2017,01,04,06,19,27,14,RNG2/RNG2,RNG/RNG,
0829,27.10.2017,04,22,31,35,38,15,RNG2/RNG2,RNG/RNG,
0830,31.10.2017,01,09,13,20,24,16,RNG2/RNG2,RNG/RNG,
0831,03.11.2017,01,12,15,34,37,16,RNG2/RNG2,RNG/RNG,
0832,07.11.2017,11,12,15,16,30,12,RNG2/RNG2,RNG/RNG,
0833,10.11.2017,09,13,26,38,43,03,RNG2/RNG2,RNG/RNG,
0834,14.11.2017,09,15,24,26,31,02,RNG2/RNG2,RNG/RNG,
0835,17.11.2017,02,17,26,27,29,13,RNG2/RNG2,RNG/RNG,
0836,21.11.2017,09,10,25,32,37,05,RNG2/RNG2,RNG/RNG,
0837,24.11.2017,25,30,33,36,45,17,RNG2/RNG2,RNG/RNG,
0838,28.11.2017,19,24,25,32,44,19,RNG2/RNG2,RNG/RNG,
0839,01.12.2017,20,23,37,39,43,09,RNG2/RNG2,RNG/RNG,
0840,05.12.2017,09,10,18,23,27,02,RNG2/RNG2,RNG/RNG,
0841,08.12.2017,10,12,17,20,41,17,RNG2/RNG2,RNG/RNG,
0842,12.12.2017,12,22,31,33,40,01,RNG2/RNG2,RNG/RNG,
0843,15.12.2017,15,23,27,34,39,13,RNG2/RNG2,RNG/RNG,
0844,19.12.2017,13,15,25,31,35,08,RNG2/RNG2,RNG/RNG,
0845,22.12.2017,05,11,13,25,34,14,RNG2/RNG2,RNG/RNG,
0846,26.12.2017,04,06,18,24,29,18,RNG2/RNG2,RNG/RNG,
0847,29.12.2017,01,02,12,36,45,04,RNG2/RNG2,RNG/RNG,
0848,02.01.2018,06,09,26,27,42,08,RNG2/RNG2,RNG/RNG,
0849,05.01.2018,13,19,22,30,43,07,RNG2/RNG2,RNG/RNG,
0850,09.01.2018,19,23,24,32,35,13,RNG2/RNG2,RNG/RNG,
0851,12.01.2018,04,14,33,37,39,14,RNG2/RNG2,RNG/RNG,
0852,16.01.2018,07,12,13,28,42,03,RNG2/RNG2,RNG/RNG,
0853,19.01.2018,02,06,20,25,44,11,RNG2/RNG2,RNG/RNG,
0854,23.01.2018,09,10,16,35,44,13,RNG2/RNG2,RNG/RNG,
0855,26.01.2018,03,13,27,34,35,17,RNG2/RNG2,RNG/RNG,
0856,30.01.2018,02,16,23,31,35,10,RNG2/RNG2,RNG/RNG,
0857,02.02.2018,10,14,30,43,45,08,RNG2/RNG2,RNG/RNG,
0858,06.02.2018,07,13,21,26,37,12,RNG2/RNG2,RNG/RNG,
0859,09.02.2018,09,20,21,22,30,17,RNG2/RNG2,RNG/RNG,
0860,13.02.2018,20,23,27,37,44,16,RNG2/RNG2,RNG/RNG,
0861,16.02.2018,08,11,12,19,33,13,RNG2/RNG2,RNG/RNG,
0862,20.02.2018,08,15,27,28,43,15,RNG2/RNG2,RNG/RNG,
0863,23.02.2018,04,23,25,29,35,04,RNG2/RNG2,RNG/RNG,
0864,27.02.2018,07,15,30,31,36,02,RNG2/RNG2,RNG/RNG,
0865,02.03.2018,01,07,29,34,41,20,RNG2/RNG2,RNG/RNG,
0866,06.03.2018,06,11,12,19,32,20,RNG2/RNG2,RNG/RNG,
0867,09.03.2018,08,18,19,22,26,05,RNG2/RNG2,RNG/RNG,
0868,13.03.2018,17,22,23,25,45,17,RNG2/RNG2,RNG/RNG,
0869,16.03.2018,09,14,16,26,29,15,RNG2/RNG2,RNG/RNG,
0870,20.03.2018,12,19,22,40,45,08,RNG2/RNG2,RNG/RNG,
0871,23.03.2018,14,22,31,37,44,04,RNG2/RNG2,RNG/RNG,
0872,27.03.2018,08,26,30,42,44,09,RNG2/RNG2,RNG/RNG,
0873,30.03.2018,16,21,26,28,35,12,RNG2/RNG2,RNG/RNG,
0874,03.04.2018,21,22,32,40,44,06,RNG2/RNG2,RNG/RNG,
0875,06.04.2018,07,12,33,41,43,08,RNG2/RNG2,RNG/RNG,
0876,10.04.2018,12,22,26,42,43,10,RNG2/RNG2,RNG/RNG,
0877,13.04.2018,05,16,19,34,36,08,RNG2/RNG2,RNG/RNG,
0878,17.04.2018,12,31,23,21,32,11,RNG2/RNG2,RNG/RNG,
0879,20.04.2018,07,11,16,21,42,06,RNG2/RNG2,RNG/RNG,
0880,24.04.2018,02,11,23,24,33,18,RNG2/RNG2,RNG/RNG,
0881,27.04.2018,04,06,13,27,44,04,RNG2/RNG2,RNG/RNG,
0882,01.05.2018,02,06,14,29,30,05,RNG2/RNG2,RNG/RNG,
0883,04.05.2018,04,31,32,36,44,15,RNG2/RNG2,RNG/RNG,
0884,08.05.2018,04,13,24,38,39,11,RNG2/RNG2,RNG/RNG,
0885,11.05.2018,20,23,30,31,43,17,RNG2/RNG2,RNG/RNG,
0886,15.05.2018,28,32,33,37,45,11,RNG2/RNG2,RNG/RNG,
0887,18.05.2018,07,08,18,29,44,05,RNG2/RNG2,RNG/RNG,
0888,22.05.2018,02,18,35,40,41,12,RNG2/RNG2,RNG/RNG,
0889,25.05.2018,02,12,25,29,37,19,RNG2/RNG2,RNG/RNG,
0890,29.05.2018,08,17,23,28,41,09,RNG2/RNG2,RNG/RNG,
0891,01.06.2018,04,16,21,29,30,11,RNG2/RNG2,RNG/RNG,
0892,05.06.2018,05,07,13,19,44,16,RNG2/RNG2,RNG/RNG,
0893,08.06.2018,09,11,12,13,37,04,RNG2/RNG2,RNG/RNG,
0894,12.06.2018,02,05,23,30,33,11,RNG2/RNG2,RNG/RNG,
0895,15.06.2018,03,18,22,29,41,17,RNG2/RNG2,RNG/RNG,
0896,19.06.2018,17,23,39,43,50,19,RNG2/RNG2,RNG/RNG,
0897,22.06.2018,09,33,38,42,44,12,RNG2/RNG2,RNG/RNG,
0898,26.06.2018,11,23,25,43,49,12,RNG2/RNG2,RNG/RNG,
0899,29.06.2018,11,14,29,32,36,18,RNG2/RNG2,RNG/RNG,
0900,03.07.2018,20,28,29,30,39,09,RNG2/RNG2,RNG/RNG,
0901,06.07.2018,18,21,22,38,48,08,RNG2/RNG2,RNG/RNG,
0902,10.07.2018,10,14,18,33,40,12,RNG2/RNG2,RNG/RNG,
0903,13.07.2018,14,23,38,41,47,03,RNG2/RNG2,RNG/RNG,
0904,17.07.2018,12,28,31,35,41,01,RNG2/RNG2,RNG/RNG,
0905,20.07.2018,01,19,21,25,32,04,RNG2/RNG2,RNG/RNG,
0906,24.07.2018,06,17,26,41,50,16,RNG2/RNG2,RNG/RNG,
0907,27.07.2018,02,11,13,15,39,02,RNG2/RNG2,RNG/RNG,
0908,31.07.2018,12,40,42,44,45,14,RNG2/RNG2,RNG/RNG,
0909,03.08.2018,01,18,24,40,48,19,RNG2/RNG2,RNG/RNG,
0910,07.08.2018,08,14,27,35,40,02,RNG2/RNG2,RNG/RNG,
0911,10.08.2018,10,14,28,30,39,06,RNG2/RNG2,RNG/RNG,
0912,14.08.2018,06,23,38,43,47,17,/,/,
0913,17.08.2018,06,08,22,35,42,19,/,/,
0914,21.08.2018,10,20,31,32,36,17,/,/,
0915,24.08.2018,10,16,31,32,33,18,x/x,x/x,
0916,28.08.2018,14,17,19,35,46,02,x/x,x/x,
0917,31.08.2018,04,05,07,35,50,06,x/x,x/x,
0918,04.09.2018,06,22,23,44,48,11,x/x,x/x,
0919,07.09.2018,04,09,24,27,34,17,x/x,x/x,
0920,11.09.2018,02,10,36,48,50,11,x/x,x/x,
0921,14.09.2018,05,40,45,49,50,17,x/x,x/x,
0922,18.09.2018,03,12,26,33,37,16,x/x,x/x,
0923,21.09.2018,33,36,40,44,50,19,x/x,x/x,
0924,25.09.2018,15,16,20,41,43,12,x/x,x/x,
0925,28.09.2018,02,24,31,45,46,10,x/x,x/x,
0926,02.10.2018,20,22,26,32,41,15,x/x,x/x,
0927,05.10.2018,11,24,29,45,49,11,x/x,x/x,
0928,09.10.2018,01,23,37,44,48,18,x/x,x/x,
0929,12.10.2018,12,13,15,21,22,03,x/x,x/x,
0930,16.10.2018,05,09,19,36,43,14,x/x,x/x,
0931,19.10.2018,08,17,22,43,48,04,x/x,x/x,
0932,23.10.2018,13,14,28,47,48,05,x/x,x/x,
0933,26.10.2018,18,29,36,41,45,01,x/x,x/x,
0934,30.10.2018,22,28,31,36,40,14,x/x,x/x,
0935,02.11.2018,11,28,39,40,45,16,x/x,x/x,
0936,06.11.2018,01,05,19,25,46,07,x/x,x/x,
0937,09.11.2018,15,19,22,41,43,11,x/x,x/x,
0938,13.11.2018,09,16,20,26,41,15,x/x,x/x,
0939,16.11.2018,01,23,37,43,46,11,x/x,x/x,
0940,20.11.2018,23,35,39,40,44,08,x/x,x/x,
0941,23.11.2018,04,09,35,43,45,05,x/x,x/x,
0942,27.11.2018,04,12,22,41,46,05,x/x,x/x,
0943,30.11.2018,04,13,14,26,35,03,x/x,x/x,
0944,04.12.2018,07,10,13,39,45,05,x/x,x/x,
0945,07.12.2018,03,16,26,33,43,06,x/x,x/x,
0946,11.12.2018,03,08,12,24,28,10,x/x,x/x,
0947,14.12.2018,07,30,33,42,49,19,x/x,x/x,
0948,18.12.2018,01,11,16,22,48,13,x/x,x/x,
0949,21.12.2018,21,36,37,39,44,13,x/x,x/x,
0950,25.12.2018,27,36,37,43,45,12,x/x,x/x,
0951,28.12.2018,10,24,30,45,48,16,x/x,x/x,
0952,01.01.2019,06,25,29,32,48,18,x/x,x/x,
0953,04.01.2019,24,27,34,44,45,18,x/x,x/x,
0954,08.01.2019,17,25,31,38,39,07,x/x,x/x,
0955,11.01.2019,02,03,12,14,20,01,x/x,x/x,
0956,15.01.2019,02,03,15,20,49,20,x/x,x/x,
0957,18.01.2019,12,14,26,28,45,03,x/x,x/x,
0958,22.01.2019,17,28,40,42,45,16,x/x,x/x,
0959,25.01.2019,10,20,23,26,45,03,x/x,x/x,
0960,29.01.2019,13,24,28,35,37,09,x/x,x/x,
0961,01.02.2019,07,30,34,41,45,07,x/x,x/x,
0962,05.02.2019,04,07,13,33,35,19,x/x,x/x,
0963,08.02.2019,04,06,21,24,47,08,x/x,x/x,
0964,12.02.2019,14,16,19,31,34,07,x/x,x/x,
0965,15.02.2019,07,13,19,27,36,13,x/x,x/x,
0966,19.02.2019,14,16,32,38,50,19,x/x,x/x,
0967,22.02.2019,01,20,24,34,46,17,x/x,x/x,
0968,26.02.2019,05,15,26,44,47,12,x/x,x/x,
0969,01.03.2019,05,24,30,33,34,06,x/x,x/x,
0970,05.03.2019,05,08,20,30,41,02,x/x,x/x,
0971,08.03.2019,16,29,34,38,47,10,x/x,x/x,
0972,12.03.2019,18,21,24,26,36,14,x/x,x/x,
0973,15.03.2019,17,22,42,46,50,01,x/x,x/x,
0974,19.03.2019,08,15,21,22,35,05,x/x,x/x,
0975,22.03.2019,05,08,25,31,36,04,x/x,x/x,
0976,26.03.2019,16,19,38,40,50,05,x/x,x/x,
0977,29.03.2019,03,13,14,30,45,02,x/x,x/x,
0978,02.04.2019,05,11,21,24,45,01,x/x,x/x,
0979,05.04.2019,02,11,17,19,40,11,x/x,x/x,
0980,09.04.2019,10,28,34,37,48,08,x/x,x/x,
0981,12.04.2019,01,31,35,44,49,02,x/x,x/x,
0982,16.04.2019,01,18,33,46,48,06,x/x,x/x,
0983,19.04.2019,01,08,35,38,40,07,x/x,x/x,
0984,23.04.2019,03,23,25,38,44,09,x/x,x/x,
0985,26.04.2019,06,19,45,47,50,01,x/x,x/x,
0986,30.04.2019,15,19,21,36,49,06,x/x,x/x,
0987,03.05.2019,13,25,27,33,37,16,x/x,x/x,
0988,07.05.2019,06,15,20,21,35,06,x/x,x/x,
0989,10.05.2019,01,07,15,19,47,10,x/x,x/x,
0990,14.05.2019,08,12,16,24,50,08,x/x,x/x,
0991,17.05.2019,02,03,07,10,29,10,x/x,x/x,
0992,21.05.2019,07,21,33,38,41,19,x/x,x/x,
0993,24.05.2019,05,09,24,29,39,19,x/x,x/x,
0994,28.05.2019,15,18,31,32,45,18,x/x,x/x,
0995,31.05.2019,04,18,25,28,47,11,x/x,x/x,
0996,04.06.2019,21,28,33,36,39,04,x/x,x/x,
0997,07.06.2019,19,21,23,36,50,06,x/x,x/x,
0998,11.06.2019,07,08,29,47,48,14,x/x,x/x,
0999,14.06.2019,05,20,37,42,47,05,x/x,x/x,
1000,18.06.2019,18,25,38,39,41,04,x/x,x/x,
1001,21.06.2019,19,24,30,34,46,15,x/x,x/x,
1002,25.06.2019,09,11,27,42,46,13,x/x,x/x,
1003,28.06.2019,31,36,40,45,50,10,x/x,x/x,
1004,02.07.2019,11,15,19,25,28,04,x/x,x/x,
1005,05.07.2019,07,11,13,18,37,17,x/x,x/x,
1006,09.07.2019,02,10,22,36,38,19,x/x,x/x,
1007,12.07.2019,02,14,15,22,45,02,x/x,x/x,
1008,16.07.2019,01,19,34,48,50,13,x/x,x/x,
1009,19.07.2019,07,22,34,44,49,12,x/x,x/x,
1010,23.07.2019,02,20,23,25,46,08,x/x,x/x,
1011,26.07.2019,08,38,40,48,49,08,x/x,x/x,
1012,30.07.2019,06,10,16,40,45,13,x/x,x/x,
1013,02.08.2019,08,15,17,28,40,12,x/x,x/x,
1014,06.08.2019,05,14,28,29,40,18,x/x,x/x,
1015,09.08.2019,01,16,18,28,37,11,x/x,x/x,
1016,13.08.2019,06,09,11,35,45,11,x/x,x/x,
1017,16.08.2019,18,25,29,41,44,02,x/x,x/x,
1018,20.08.2019,03,19,23,28,41,15,x/x,x/x,
1019,23.08.2019,19,20,21,37,42,05,x/x,x/x,
1020,27.08.2019,03,08,10,26,42,17,x/x,x/x,
1021,30.08.2019,09,10,14,19,28,02,x/x,x/x,
1022,03.09.2019,02,09,14,29,30,08,x/x,x/x,
1023,06.09.2019,02,04,14,35,43,14,x/x,x/x,
1024,10.09.2019,02,14,20,31,38,02,x/x,x/x,
1025,13.09.2019,03,13,27,32,35,14,x/x,x/x,
1026,17.09.2019,22,29,33,38,45,05,x/x,x/x,
1027,20.09.2019,11,23,24,25,44,13,x/x,x/x,
1028,24.09.2019,09,15,20,28,37,20,x/x,x/x,
1029,27.09.2019,14,30,35,40,41,06,x/x,x/x,
1030,01.10.2019,11,16,17,24,50,02,x/x,x/x,
1031,04.10.2019,18,37,38,46,48,01,x/x,x/x,
1032,08.10.2019,19,28,33,42,46,04,x/x,x/x,
1033,11.10.2019,18,24,37,39,44,10,x/x,x/x,
1034,15.10.2019,02,03,29,34,46,02,x/x,x/x,
1035,18.10.2019,07,09,11,23,28,04,x/x,x/x,
1036,22.10.2019,29,31,33,37,46,15,x/x,x/x,
1037,25.10.2019,03,06,23,29,47,19,x/x,x/x,
1038,29.10.2019,12,14,26,28,45,07,x/x,x/x,
1039,01.11.2019,04,26,30,32,36,07,x/x,x/x,
1040,05.11.2019,16,21,31,36,39,07,x/x,x/x,
1041,08.11.2019,01,13,19,37,42,18,x/x,x/x,
1042,12.11.2019,03,25,36,42,44,15,x/x,x/x,
1043,15.11.2019,18,21,25,29,34,03,x/x,x/x,
1044,19.11.2019,31,32,39,45,47,16,x/x,x/x,
1045,22.11.2019,03,14,15,27,32,12,x/x,x/x,
1046,26.11.2019,05,12,17,31,34,16,x/x,x/x,
1047,29.11.2019,17,27,30,34,37,20,x/x,x/x,
1048,03.12.2019,12,24,43,46,49,12,x/x,x/x,
1049,06.12.2019,14,19,34,44,49,04,x/x,x/x,
1050,10.12.2019,14,16,19,27,30,05,x/x,x/x,
1051,13.12.2019,04,10,13,21,27,19,x/x,x/x,
1052,17.12.2019,13,18,21,35,36,16,x/x,x/x,
1053,20.12.2019,07,09,27,35,46,12,x/x,x/x,
1054,24.12.2019,04,21,22,42,50,07,x/x,x/x,
1055,27.12.2019,22,27,33,43,46,18,x/x,x/x,
1056,31.12.2019,01,09,17,26,35,03,x/x,x/x,
1057,03.01.2020,01,04,06,31,34,05,x/x,x/x,
1058,07.01.2020,04,17,29,34,39,01,x/x,x/x,
1059,10.01.2020,07,08,09,27,44,01,x/x,x/x,
1060,14.01.2020,05,06,12,15,17,17,x/x,x/x,
1061,17.01.2020,04,13,19,21,24,04,x/x,x/x,
1062,21.01.2020,14,30,33,46,49,19,x/x,x/x,
1063,24.01.2020,07,21,33,37,48,14,x/x,x/x,
1064,28.01.2020,01,04,19,29,33,20,x/x,x/x,
1065,31.01.2020,01,03,08,16,30,18,x/x,x/x,
1066,04.02.2020,17,18,23,28,45,13,x/x,x/x,
1067,07.02.2020,13,20,40,41,45,17,x/x,x/x,
1068,11.02.2020,07,12,15,18,45,17,x/x,x/x,
1069,14.02.2020,02,03,09,10,33,12,x/x,x/x,
1070,18.02.2020,14,20,27,45,47,14,x/x,x/x,
1071,21.02.2020,01,08,13,25,43,06,x/x,x/x,
1072,25.02.2020,01,16,38,47,48,04,x/x,x/x,
1073,28.02.2020,05,17,19,24,26,16,x/x,x/x,
1074,03.03.2020,13,25,33,39,44,17,x/x,x/x,
1075,06.03.2020,02,16,19,36,50,15,x/x,x/x,
1076,10.03.2020,02,03,15,32,36,05,x/x,x/x,
1077,13.03.2020,02,13,35,44,50,04,x/x,x/x,
1078,17.03.2020,11,20,22,25,50,16,x/x,x/x,
1079,20.03.2020,01,18,27,36,37,05,x/x,x/x,
1080,24.03.2020,06,12,24,34,45,12,x/x,x/x,
1081,27.03.2020,02,16,28,36,39,16,x/x,x/x,
1082,31.03.2020,05,35,37,42,50,20,x/x,x/x,
1083,03.04.2020,08,19,21,29,50,13,x/x,x/x,
1084,07.04.2020,11,12,21,41,45,19,x/x,x/x,
1085,10.04.2020,10,13,22,27,41,04,x/x,x/x,
1086,14.04.2020,03,04,25,31,46,08,x/x,x/x,
1087,17.04.2020,08,09,16,45,49,18,x/x,x/x,
1088,21.04.2020,13,19,36,37,43,09,x/x,x/x,
1089,24.04.2020,03,12,22,24,28,19,x/x,x/x,
1090,28.04.2020,09,18,37,39,48,04,x/x,x/x,
1091,01.05.2020,08,17,18,34,44,09,x/x,x/x,
1092,05.05.2020,02,12,18,32,33,02,x/x,x/x,
1093,08.05.2020,03,16,34,37,44,09,x/x,x/x,
1094,12.05.2020,05,06,08,28,50,18,x/x,x/x,
1095,15.05.2020,02,12,43,44,45,13,x/x,x/x,
1096,19.05.2020,08,17,25,29,31,01,x/x,x/x,
1097,22.05.2020,18,26,27,35,36,09,x/x,x/x,
1098,26.05.2020,05,06,26,29,49,10,x/x,x/x,
1099,29.05.2020,04,09,24,32,34,05,x/x,x/x,
1100,02.06.2020,02,03,05,11,42,02,x/x,x/x,
1101,05.06.2020,03,07,26,29,48,14,x/x,x/x,
1102,09.06.2020,21,22,25,31,42,20,x/x,x/x,
1103,12.06.2020,03,20,22,41,45,01,x/x,x/x,
1104,16.06.2020,04,11,18,22,46,10,x/x,x/x,
1105,19.06.2020,01,03,09,18,40,19,x/x,x/x,
1106,23.06.2020,10,13,24,32,35,20,x/x,x/x,
1107,26.06.2020,07,15,20,22,39,08,x/x,x/x,
1108,30.06.2020,06,27,28,38,45,03,x/x,x/x,
1109,03.07.2020,04,13,15,22,29,07,x/x,x/x,
1110,07.07.2020,04,05,10,47,50,16,x/x,x/x,
1111,10.07.2020,07,13,23,37,39,07,x/x,x/x,
1112,14.07.2020,06,11,25,39,48,03,x/x,x/x,
1113,17.07.2020,01,20,28,29,35,06,x/x,x/x,
1114,21.07.2020,04,05,30,32,48,01,x/x,x/x,
1115,24.07.2020,07,10,18,23,45,13,x/x,x/x,
1116,28.07.2020,09,12,13,45,48,02,x/x,x/x,
1117,31.07.2020,05,08,09,24,29,12,x/x,x/x,
1118,04.08.2020,05,13,21,31,33,14,x/x,x/x,
1119,07.08.2020,14,15,22,23,29,11,x/x,x/x,
1120,11.08.2020,01,13,20,28,45,11,x/x,x/x,
1121,14.08.2020,03,07,15,23,33,17,x/x,x/x,
1122,18.08.2020,01,15,25,35,49,07,x/x,x/x,
1123,21.08.2020,02,09,18,25,43,02,x/x,x/x,
1124,25.08.2020,02,11,25,28,42,03,x/x,x/x,
1125,28.08.2020,09,11,14,22,27,04,x/x,x/x,
1126,01.09.2020,01,14,31,33,45,11,x/x,x/x,
1127,04.09.2020,08,09,11,30,45,01,x/x,x/x,
1128,08.09.2020,22,24,29,33,40,10,x/x,x/x,
1129,11.09.2020,07,12,24,25,34,09,x/x,x/x,
1130,15.09.2020,01,12,19,27,28,01,x/x,x/x,
1131,18.09.2020,14,40,41,45,47,07,x/x,x/x,
1132,22.09.2020,02,08,12,37,47,15,x/x,x/x,
1133,25.09.2020,12,22,26,46,49,04,x/x,x/x,
1134,29.09.2020,01,05,16,17,37,05,x/x,x/x,
1135,02.10.2020,07,14,25,32,42,15,x/x,x/x,
1136,06.10.2020,14,16,17,41,46,09,x/x,x/x,
1137,09.10.2020,09,11,32,36,46,18,x/x,x/x,
1138,13.10.2020,13,17,22,33,41,05,x/x,x/x,
1139,16.10.2020,22,31,40,47,48,15,x/x,x/x,
1140,20.10.2020,16,18,30,31,37,17,x/x,x/x,
1141,23.10.2020,01,13,24,27,38,01,x/x,x/x,
1142,27.10.2020,06,12,17,31,43,12,x/x,x/x,
1143,30.10.2020,16,26,34,41,42,10,x/x,x/x,
1144,03.11.2020,14,16,26,27,45,05,x/x,x/x,
1145,06.11.2020,04,15,16,40,46,09,x/x,x/x,
1146,10.11.2020,17,20,28,41,49,11,x/x,x/x,
1147,13.11.2020,04,08,20,35,48,09,x/x,x/x,
1148,17.11.2020,08,09,13,48,50,02,x/x,x/x,
1149,20.11.2020,17,27,32,46,49,12,x/x,x/x,
1150,24.11.2020,06,08,18,37,42,20,x/x,x/x,
1151,27.11.2020,11,17,29,47,49,02,x/x,x/x,
1152,01.12.2020,19,27,30,34,37,18,x/x,x/x,
1153,04.12.2020,21,22,28,43,48,12,x/x,x/x,
1154,08.12.2020,05,14,21,30,36,08,x/x,x/x,
1155,11.12.2020,02,06,13,21,34,14,x/x,x/x,
1156,15.12.2020,06,07,18,37,47,09,x/x,x/x,
1157,18.12.2020,01,08,21,24,32,06,x/x,x/x,
1158,22.12.2020,01,16,27,30,43,16,x/x,x/x,
1159,29.12.2020,20,27,38,40,43,06,x/x,x/x,
1160,01.01.2021,01,21,33,36,45,11,x/x,x/x,
1161,05.01.2021,02,10,19,35,45,05,x/x,x/x,
1162,08.01.2021,19,20,23,32,33,02,x/x,x/x,
1163,12.01.2021,14,21,30,36,50,12,x/x,x/x,
1164,15.01.2021,06,09,18,19,29,10,x/x,x/x,
1165,19.01.2021,06,32,35,43,45,15,x/x,x/x,
1166,22.01.2021,01,07,16,20,27,20,x/x,x/x,
1167,26.01.2021,03,10,20,27,39,20,x/x,x/x,
1168,29.01.2021,11,12,14,46,50,03,x/x,x/x,
1169,02.02.2021,01,08,10,33,40,05,x/x,x/x,
1170,05.02.2021,01,05,09,25,44,09,x/x,x/x,
1171,09.02.2021,02,25,30,38,46,19,x/x,x/x,
1172,12.02.2021,02,31,39,43,49,03,x/x,x/x,
1173,16.02.2021,13,16,31,41,50,10,x/x,x/x,
1174,19.02.2021,15,19,32,38,41,03,x/x,x/x,
1175,23.02.2021,06,09,19,20,26,10,x/x,x/x,
1176,26.02.2021,13,16,29,32,49,13,x/x,x/x,
1177,02.03.2021,05,06,25,42,49,05,x/x,x/x,
1178,05.03.2021,10,12,21,27,43,15,x/x,x/x,
1179,09.03.2021,07,09,35,37,42,02,x/x,x/x,
1180,12.03.2021,06,15,27,29,47,16,x/x,x/x,
1181,16.03.2021,14,35,38,45,46,05,x/x,x/x,
1182,19.03.2021,07,09,26,44,48,04,x/x,x/x,
1183,23.03.2021,05,06,16,30,46,10,x/x,x/x,
1184,26.03.2021,06,24,27,28,31,17,x/x,x/x,
1185,30.03.2021,01,04,13,30,50,14,x/x,x/x,
1186,02.04.2021,07,10,34,37,42,06,x/x,x/x,
1187,06.04.2021,16,18,27,30,50,03,x/x,x/x,
1188,09.04.2021,02,07,10,23,39,03,x/x,x/x,
1189,13.04.2021,14,27,30,38,48,16,x/x,x/x,
1190,16.04.2021,14,19,21,39,42,04,x/x,x/x,
1191,20.04.2021,16,26,30,33,42,13,x/x,x/x,
1192,23.04.2021,04,15,48,49,50,09,x/x,x/x,
1193,27.04.2021,01,15,24,30,42,17,x/x,x/x,
1194,30.04.2021,04,06,08,09,49,18,x/x,x/x,
1195,04.05.2021,02,07,11,14,38,02,x/x,x/x,
1196,07.05.2021,01,08,13,39,44,05,x/x,x/x,
1197,11.05.2021,05,08,22,26,44,03,x/x,x/x,
1198,14.05.2021,02,04,12,17,34,02,x/x,x/x,
1199,18.05.2021,08,09,13,30,36,13,x/x,x/x,
1200,21.05.2021,06,11,15,39,49,08,x/x,x/x,
1201,25.05.2021,05,10,17,23,47,03,x/x,x/x,
1202,28.05.2021,12,18,20,31,34,03,x/x,x/x,
1203,01.06.2021,03,06,14,19,46,08,x/x,x/x,
1204,04.06.2021,03,07,25,26,48,14,x/x,x/x,
1205,08.06.2021,14,26,38,47,49,08,x/x,x/x,
1206,11.06.2021,11,14,25,33,39,18,x/x,x/x,
1207,15.06.2021,13,16,21,39,48,02,x/x,x/x,
1208,18.06.2021,20,21,25,31,48,02,x/x,x/x,
1209,22.06.2021,07,22,29,39,49,04,x/x,x/x,
1210,25.06.2021,01,03,07,11,35,10,x/x,x/x,
1211,29.06.2021,07,10,12,23,36,20,x/x,x/x,
1212,02.07.2021,03,06,08,20,48,02,x/x,x/x,
1213,06.07.2021,08,09,11,39,45,10,x/x,x/x,
1214,09.07.2021,05,14,25,26,44,08,x/x,x/x,
1215,13.07.2021,07,21,31,34,45,17,x/x,x/x,
1216,16.07.2021,18,23,29,41,42,13,x/x,x/x,
1217,20.07.2021,06,11,13,16,49,14,x/x,x/x,
1218,23.07.2021,08,21,23,33,34,19,x/x,x/x,
1219,27.07.2021,01,12,36,38,41,07,x/x,x/x,
1220,30.07.2021,17,24,40,44,50,07,x/x,x/x,
1221,03.08.2021,07,14,20,34,44,11,x/x,x/x,
1222,06.08.2021,05,08,21,27,30,10,x/x,x/x,
1223,10.08.2021,03,12,17,37,38,17,x/x,x/x,
1224,13.08.2021,27,29,36,37,50,12,x/x,x/x,
1225,17.08.2021,03,09,29,44,48,20,x/x,x/x,
1226,20.08.2021,03,06,07,17,26,13,x/x,x/x,
1227,24.08.2021,05,10,17,19,43,16,x/x,x/x,
1228,27.08.2021,20,30,31,41,49,11,x/x,x/x,
1229,31.08.2021,09,16,19,29,46,18,x/x,x/x,
1230,03.09.2021,05,08,40,45,47,15,x/x,x/x,
1231,07.09.2021,09,13,36,43,49,10,x/x,x/x,
1232,10.09.2021,12,19,21,28,43,05,x/x,x/x,
1233,14.09.2021,08,13,26,36,43,05,x/x,x/x,
1234,17.09.2021,15,20,30,49,50,05,x/x,x/x,
1235,21.09.2021,06,10,14,21,29,11,x/x,x/x,
1236,24.09.2021,05,06,17,18,21,06,x/x,x/x,
1237,28.09.2021,17,18,28,35,48,10,x/x,x/x,
1238,01.10.2021,16,31,33,42,48,20,x/x,x/x,
1239,05.10.2021,05,11,30,36,50,18,x/x,x/x,
1240,08.10.2021,07,17,20,25,29,16,x/x,x/x,
1241,12.10.2021,04,10,14,29,48,10,x/x,x/x,
1241,15.10.2021,04,24,38,43,46,17,x/x,x/x,
1242,19.10.2021,08,12,26,41,42,20,x/x,x/x,
1243,22.10.2021,01,08,11,27,29,03,x/x,x/x,
1244,26.10.2021,05,12,19,21,31,03,x/x,x/x,
1245,29.10.2021,03,11,32,33,50,15,x/x,x/x,
1246,02.11.2021,02,25,26,34,42,01,x/x,x/x,
1247,05.11.2021,02,05,14,23,42,11,x/x,x/x,
1248,09.11.2021,07,25,33,35,39,05,x/x,x/x,
1249,12.11.2021,15,21,22,43,45,17,x/x,x/x,
1250,16.11.2021,29,32,33,45,47,15,x/x,x/x,
1251,19.11.2021,04,16,21,40,45,03,x/x,x/x,
1252,23.11.2021,15,16,21,22,25,03,x/x,x/x,
1253,26.11.2021,20,36,37,44,48,16,x/x,x/x,
1254,30.11.2021,11,20,24,29,31,07,x/x,x/x,
1255,03.12.2021,05,18,26,35,39,02,x/x,x/x,
1256,07.12.2021,07,13,44,46,49,02,x/x,x/x,
1257,10.12.2021,06,14,20,30,33,19,x/x,x/x,
1258,14.12.2021,15,16,26,29,50,04,x/x,x/x,
1259,17.12.2021,04,05,37,40,49,02,x/x,x/x,
1260,21.12.2021,07,08,19,44,50,11,x/x,x/x,
1261,24.12.2021,16,20,25,39,49,06,x/x,x/x,
1262,28.12.2021,10,11,20,38,45,09,x/x,x/x,
1263,31.12.2021,11,19,24,31,47,11,x/x,x/x,
1264,04.01.2022,10,27,33,35,47,06,x/x,x/x,
1265,07.01.2022,03,07,13,20,48,20,x/x,x/x,
1266,11.01.2022,02,04,09,18,28,01,x/x,x/x,
1267,14.01.2022,06,25,26,32,44,09,x/x,x/x,
1268,18.01.2022,06,12,19,30,48,04,x/x,x/x,
1269,21.01.2022,03,24,41,43,50,13,x/x,x/x,
1270,25.01.2022,10,21,30,39,46,07,x/x,x/x,
1271,28.01.2022,22,44,47,48,49,10,x/x,x/x,
1272,01.02.2022,06,12,29,44,49,16,x/x,x/x,
1273,04.02.2022,07,21,33,34,36,09,x/x,x/x,
1274,08.02.2022,12,16,40,42,43,08,x/x,x/x,
1275,11.02.2022,21,22,24,35,43,15,x/x,x/x,
1276,15.02.2022,02,11,17,22,38,09,x/x,x/x,
1277,18.02.2022,14,24,29,46,48,20,x/x,x/x,
1278,22.02.2022,22,33,36,42,43,04,x/x,x/x,
1279,25.02.2022,04,07,19,31,46,01,x/x,x/x,
1280,01.03.2022,05,07,22,38,48,12,x/x,x/x,
1281,04.03.2022,04,17,18,27,45,09,x/x,x/x,
1282,08.03.2022,06,21,27,34,42,12,x/x,x/x,
1283,11.03.2022,20,23,27,46,48,06,x/x,x/x,
1284,15.03.2022,08,15,16,35,49,18,x/x,x/x,
1285,18.03.2022,09,14,24,32,42,01,x/x,x/x,
1286,22.03.2022,11,14,27,43,46,03,x/x,x/x,
1287,25.03.2022,04,26,29,30,40,10,x/x,x/x,
1288,29.03.2022,09,12,27,37,46,09,x/x,x/x,
1289,01.04.2022,04,17,18,40,42,16,x/x,x/x,
1290,05.04.2022,15,22,33,42,43,15,x/x,x/x,
1291,08.04.2022,16,18,26,29,43,16,x/x,x/x,
1292,12.04.2022,05,20,37,38,47,10,x/x,x/x,
1293,15.04.2022,09,17,22,39,42,08,x/x,x/x,
1294,19.04.2022,09,24,36,38,41,02,x/x,x/x,
1295,22.04.2022,04,21,36,45,46,07,x/x,x/x,
1296,26.04.2022,02,06,25,26,44,20,x/x,x/x,
1297,29.04.2022,02,06,18,31,50,18,x/x,x/x,
1298,03.05.2022,21,34,38,40,42,16,x/x,x/x,
1299,06.05.2022,03,05,08,11,35,15,x/x,x/x,
1300,10.05.2022,11,16,27,45,47,01,x/x,x/x,
1301,13.05.2022,01,02,11,20,38,08,x/x,x/x,
1302,17.05.2022,15,16,32,36,38,16,x/x,x/x,
1303,20.05.2022,04,07,21,23,25,07,x/x,x/x,
1304,24.05.2022,01,03,21,22,40,03,x/x,x/x,
1305,27.05.2022,03,32,40,42,48,10,x/x,x/x,
1306,31.05.2022,06,17,21,33,49,03,x/x,x/x,
1307,03.06.2022,17,20,25,27,41,06,x/x,x/x,
1308,07.06.2022,17,20,23,44,47,10,x/x,x/x,
1309,10.06.2022,17,22,26,31,32,18,x/x,x/x,
1310,14.06.2022,07,09,14,34,47,02,x/x,x/x,
1311,17.06.2022,11,12,30,37,42,10,x/x,x/x,
1312,21.06.2022,02,03,20,26,50,11,x/x,x/x,
1313,24.06.2022,06,22,34,37,39,08,x/x,x/x,
1314,28.06.2022,22,27,35,39,48,12,x/x,x/x,
1315,01.07.2022,23,26,41,44,45,20,x/x,x/x,
1316,05.07.2022,05,34,36,49,50,20,x/x,x/x,
1317,08.07.2022,05,19,28,39,49,14,x/x,x/x,
1318,12.07.2022,11,25,26,31,36,07,x/x,x/x,
1319,15.07.2022,10,16,31,46,47,13,x/x,x/x,
1320,19.07.2022,07,13,15,19,32,02,x/x,x/x,
1321,22.07.2022,14,20,26,37,44,16,x/x,x/x,
1322,26.07.2022,09,15,26,28,44,19,x/x,x/x,
1323,29.07.2022,15,18,20,24,48,05,x/x,x/x,
1324,02.08.2022,01,02,12,18,27,09,x/x,x/x,
1325,05.08.2022,14,25,33,39,46,11,x/x,x/x,
1326,09.08.2022,16,32,36,37,48,11,x/x,x/x,
1327,12.08.2022,02,16,20,25,32,13,x/x,x/x,
1328,16.08.2022,08,11,12,23,49,13,x/x,x/x,
1329,19.08.2022,10,11,20,25,28,15,x/x,x/x,
1330,23.08.2022,20,22,23,31,41,07,x/x,x/x,
1331,26.08.2022,02,08,45,49,50,11,x/x,x/x,
1332,30.08.2022,05,09,24,35,39,05,x/x,x/x,
1333,02.09.2022,05,11,23,35,50,12,x/x,x/x,
1334,06.09.2022,18,20,39,41,46,15,x/x,x/x,
1335,09.09.2022,24,30,33,36,45,19,x/x,x/x,
1336,13.09.2022,01,30,32,40,43,05,x/x,x/x,
1337,16.09.2022,02,07,31,43,46,17,x/x,x/x,
1338,20.09.2022,17,25,26,38,47,03,x/x,x/x,
1339,23.09.2022,01,05,07,15,48,06,x/x,x/x,
1340,27.09.2022,19,23,27,29,31,11,x/x,x/x,
1341,30.09.2022,07,08,12,34,40,01,x/x,x/x,
1342,04.10.2022,30,34,35,41,44,01,x/x,x/x,
1343,07.10.2022,08,12,26,39,40,17,x/x,x/x,
1344,11.10.2022,06,15,16,45,46,20,x/x,x/x,
1345,14.10.2022,12,32,43,46,49,07,x/x,x/x,
1346,18.10.2022,29,43,45,47,50,15,x/x,x/x,
1347,21.10.2022,02,10,12,40,46,17,x/x,x/x,
1348,25.10.2022,13,29,35,36,47,09,x/x,x/x,
1349,28.10.2022,02,09,22,46,49,18,x/x,x/x,
1350,01.11.2022,27,32,33,35,48,14,x/x,x/x,
1351,04.11.2022,19,21,22,35,43,05,x/x,x/x,
1352,08.11.2022,19,30,32,40,47,20,x/x,x/x,
1353,11.11.2022,23,44,45,47,50,01,x/x,x/x,
1354,15.11.2022,11,14,23,26,38,06,x/x,x/x,
1355,18.11.2022,07,09,32,39,41,19,x/x,x/x,
1356,22.11.2022,02,10,36,47,49,16,x/x,x/x,
1357,25.11.2022,01,07,08,12,47,07,x/x,x/x,
1358,29.11.2022,03,05,10,16,29,12,x/x,x/x,
1359,02.12.2022,19,32,45,49,50,08,x/x,x/x,
1360,06.12.2022,04,11,18,19,28,04,x/x,x/x,
1361,09.12.2022,01,10,16,27,34,18,x/x,x/x,
1362,13.12.2022,18,22,23,36,45,03,x/x,x/x,
1363,16.12.2022,07,15,22,34,42,20,x/x,x/x,
1364,20.12.2022,01,02,17,25,29,04,x/x,x/x,
1365,23.12.2022,10,17,19,30,35,04,x/x,x/x,
1366,27.12.2022,25,32,35,41,49,16,x/x,x/x,
1367,30.12.2022,02,11,23,27,39,12,x/x,x/x,
1368,03.01.2023,02,06,20,29,32,06,x/x,x/x,
1369,06.01.2023,01,15,30,39,50,01,x/x,x/x,
1370,10.01.2023,06,12,25,33,42,02,x/x,x/x,
1371,13.01.2023,07,08,33,41,43,05,x/x,x/x,
1372,17.01.2023,05,06,27,37,41,04,x/x,x/x,
1373,20.01.2023,25,34,36,47,50,14,x/x,x/x,
1374,24.01.2023,14,28,39,42,46,18,x/x,x/x,
1375,27.01.2023,08,15,37,46,49,03,x/x,x/x,
1376,31.01.2023,20,31,34,49,50,16,x/x,x/x,
1377,03.02.2023,04,09,12,27,37,15,x/x,x/x,
1378,07.02.2023,11,19,20,41,47,20,x/x,x/x,
1379,10.02.2023,05,14,19,24,26,13,x/x,x/x,
1380,14.02.2023,12,20,36,39,50,04,x/x,x/x,
1381,17.02.2023,14,22,23,36,50,09,x/x,x/x,
1382,21.02.2023,03,09,14,16,41,13,x/x,x/x,
1383,24.02.2023,01,06,07,28,34,17,x/x,x/x,
1384,28.02.2023,10,13,25,27,30,13,x/x,x/x,
1385,03.03.2023,02,05,14,18,43,07,x/x,x/x,
1386,07.03.2023,03,21,29,47,48,07,x/x,x/x,
1387,10.03.2023,12,33,37,47,50,13,x/x,x/x,
1388,14.03.2023,08,14,41,49,50,02,x/x,x/x,
1389,17.03.2023,18,23,25,26,31,07,x/x,x/x,
1390,21.03.2023,35,38,40,44,46,01,x/x,x/x,
1391,24.03.2023,01,11,24,39,42,09,x/x,x/x,
1392,28.03.2023,26,31,32,43,46,17,x/x,x/x,
1393,31.03.2023,01,04,18,26,43,09,x/x,x/x,
1394,04.04.2023,16,34,37,48,49,09,x/x,x/x,
1395,07.04.2023,08,09,20,34,43,16,x/x,x/x,
1396,11.04.2023,04,25,29,36,42,07,x/x,x/x,
1397,14.04.2023,15,18,30,36,37,16,x/x,x/x,
1398,18.04.2023,01,12,30,31,37,16,x/x,x/x,
1399,21.04.2023,10,20,23,42,50,11,x/x,x/x,
1400,25.04.2023,10,18,22,33,49,11,x/x,x/x,
1401,28.04.2023,10,12,13,15,37,20,x/x,x/x,
1402,02.05.2023,03,16,18,19,44,01,x/x,x/x,
1403,05.05.2023,11,21,22,41,44,12,x/x,x/x,
1404,09.05.2023,04,26,37,40,45,04,x/x,x/x,
1405,12.05.2023,13,15,35,36,37,13,x/x,x/x,
1406,16.05.2023,01,06,35,39,43,11,x/x,x/x,
1407,19.05.2023,05,09,15,28,29,18,x/x,x/x,
1408,23.05.2023,03,18,19,30,33,15,x/x,x/x,
1409,26.05.2023,02,12,28,33,44,02,x/x,x/x,
1410,30.05.2023,04,05,27,34,42,04,x/x,x/x,
1411,02.06.2023,03,11,12,28,33,12,x/x,x/x,
1412,06.06.2023,06,12,25,27,34,18,x/x,x/x,
1413,09.06.2023,15,30,37,39,48,05,x/x,x/x,
1414,13.06.2023,23,30,33,38,49,20,x/x,x/x,
1415,16.06.2023,02,03,18,32,43,03,x/x,x/x,
1416,20.06.2023,04,21,26,38,40,20,x/x,x/x,
1417,23.06.2023,06,12,13,27,34,20,x/x,x/x,
1418,27.06.2023,20,22,25,39,45,12,x/x,x/x,
1419,30.06.2023,13,21,22,35,46,09,x/x,x/x,
1420,04.07.2023,05,25,30,49,50,03,x/x,x/x,
1421,07.07.2023,01,28,33,34,38,11,x/x,x/x,
1422,11.07.2023,05,29,39,43,45,19,x/x,x/x,
1423,14.07.2023,05,17,30,44,45,20,x/x,x/x,
1424,18.07.2023,06,21,25,27,50,08,x/x,x/x,
1425,21.07.2023,13,20,34,36,44,08,x/x,x/x,
1426,25.07.2023,04,09,10,22,44,07,x/x,x/x,
1427,28.07.2023,03,22,25,31,34,07,x/x,x/x,
1428,01.08.2023,02,12,30,35,44,12,x/x,x/x,
1429,04.08.2023,01,04,20,23,42,17,x/x,x/x,
1430,08.08.2023,03,15,20,23,44,05,x/x,x/x,
1431,11.08.2023,28,39,44,48,49,08,x/x,x/x,
1432,15.08.2023,04,06,12,18,28,03,x/x,x/x,
1433,18.08.2023,01,11,12,33,34,13,x/x,x/x,
1434,22.08.2023,08,11,24,27,50,04,x/x,x/x,
1435,25.08.2023,03,12,17,19,23,05,x/x,x/x,
1436,29.08.2023,09,19,21,23,28,11,x/x,x/x,
1437,01.09.2023,07,14,40,45,47,02,x/x,x/x,
1438,05.09.2023,12,26,36,38,48,01,x/x,x/x,
1439,08.09.2023,16,17,29,39,48,20,x/x,x/x,
1440,12.09.2023,01,08,10,20,42,01,x/x,x/x,
1441,15.09.2023,07,35,38,40,44,05,x/x,x/x,
1442,19.09.2023,01,04,14,15,19,17,x/x,x/x,
1443,22.09.2023,02,03,25,40,48,07,x/x,x/x,
1444,26.09.2023,21,23,24,39,43,01,x/x,x/x,
1445,29.09.2023,12,30,42,43,46,19,x/x,x/x,
1446,03.10.2023,12,15,35,45,48,16,x/x,x/x,
1447,06.10.2023,01,06,21,35,47,17,x/x,x/x,
1448,10.10.2023,15,18,19,42,49,17,x/x,x/x,
1449,13.10.2023,08,34,44,48,49,14,x/x,x/x,
1450,17.10.2023,25,27,29,30,39,15,x/x,x/x,
1451,20.10.2023,03,12,19,42,48,04,x/x,x/x,
1452,24.10.2023,01,22,23,31,32,03,x/x,x/x,
1453,27.10.2023,02,03,18,33,34,15,x/x,x/x,
1454,31.10.2023,01,06,15,19,46,20,x/x,x/x,
1455,03.11.2023,11,19,21,32,47,09,x/x,x/x,
1456,07.11.2023,08,17,24,38,46,18,x/x,x/x,
1457,10.11.2023,08,11,19,30,50,15,x/x,x/x,
1458,14.11.2023,03,24,26,38,48,10,x/x,x/x,
1459,17.11.2023,04,06,14,22,47,05,x/x,x/x,
1460,21.11.2023,04,06,20,21,46,12,x/x,x/x,
1461,24.11.2023,06,17,25,30,39,11,x/x,x/x,
1462,28.11.2023,01,11,12,13,34,16,x/x,x/x,
1463,01.12.2023,17,20,23,24,31,11,x/x,x/x,
1464,05.12.2023,06,17,33,34,49,07,x/x,x/x,
1465,08.12.2023,19,22,36,43,46,05,x/x,x/x,
1466,12.12.2023,05,10,25,29,46,15,x/x,x/x,
1467,15.12.2023,06,15,31,41,43,08,x/x,x/x,
1468,19.12.2023,04,18,26,41,47,09,x/x,x/x,
1469,22.12.2023,08,16,21,24,50,01,x/x,x/x,
1470,26.12.2023,13,19,24,39,45,16,x/x,x/x,
1471,29.12.2023,15,16,30,36,40,06,x/x,x/x,
1472,02.01.2024,08,09,11,29,44,20,x/x,x/x,
1473,05.01.2024,03,06,18,26,32,15,x/x,x/x,
1474,09.01.2024,15,17,25,34,42,01,x/x,x/x,
1475,12.01.2024,04,21,24,29,39,18,x/x,x/x,
1476,16.01.2024,21,25,37,46,48,17,x/x,x/x,
1477,19.01.2024,06,07,16,41,46,14,x/x,x/x,
1478,23.01.2024,12,20,25,48,49,20,x/x,x/x,
1479,26.01.2024,08,14,15,38,50,11,x/x,x/x,
1480,30.01.2024,04,11,39,42,43,16,x/x,x/x,
1481,02.02.2024,08,28,44,46,49,05,x/x,x/x,
1482,06.02.2024,02,21,39,42,43,11,x/x,x/x,
1483,09.02.2024,10,19,21,26,32,08,x/x,x/x,
1484,13.02.2024,01,03,07,31,38,03,x/x,x/x,
1485,16.02.2024,12,13,25,37,43,18,x/x,x/x,
1486,20.02.2024,05,07,13,23,44,11,x/x,x/x,
1487,23.02.2024,14,22,27,38,46,14,x/x,x/x,
1488,01.03.2024,10,16,29,37,44,16,x/x,x/x,
1489,05.03.2024,04,08,41,47,50,10,x/x,x/x,
1490,08.03.2024,22,26,29,33,35,07,x/x,x/x,
1491,12.03.2024,02,12,27,45,48,16,x/x,x/x,
1492,15.03.2024,03,06,29,32,44,19,x/x,x/x,
1493,19.03.2024,01,14,19,29,48,15,x/x,x/x,
1494,22.03.2024,19,22,23,28,30,11,x/x,x/x,
1495,26.03.2024,09,24,35,41,46,15,x/x,x/x,
1496,02.04.2024,05,10,15,31,37,09,x/x,x/x,
1497,05.04.2024,05,11,18,19,21,10,x/x,x/x,
1498,09.04.2024,09,20,31,36,39,15,x/x,x/x,
1499,12.04.2024,10,11,16,20,40,13,x/x,x/x,
1500,16.04.2024,04,16,19,30,49,19,x/x,x/x,
1501,19.04.2024,01,05,18,22,50,17,x/x,x/x,
1502,23.04.2024,01,02,18,34,38,09,x/x,x/x,
1503,30.04.2024,14,15,19,30,48,04,x/x,x/x,
1504,03.05.2024,12,13,24,47,50,14,x/x,x/x,
1505,07.05.2024,08,32,33,37,46,10,x/x,x/x,
1506,10.05.2024,10,13,33,37,44,12,x/x,x/x,
1507,14.05.2024,04,06,16,22,43,13,x/x,x/x,
1508,17.05.2024,02,19,21,34,47,15,x/x,x/x,
1509,21.05.2024,09,10,22,40,49,12,x/x,x/x,
1510,24.05.2024,07,13,14,23,30,14,x/x,x/x,
1511,28.05.2024,04,15,18,21,28,18,x/x,x/x,
1512,31.05.2024,15,19,38,43,46,06,x/x,x/x,
1513,04.06.2024,08,10,32,33,48,13,x/x,x/x,
1514,07.06.2024,09,26,33,46,48,11,x/x,x/x,
1515,11.06.2024,25,39,46,47,49,10,x/x,x/x,
1516,14.06.2024,08,14,29,32,40,07,x/x,x/x,
1517,18.06.2024,07,10,24,25,30,15,x/x,x/x,
1518,21.06.2024,02,09,20,25,42,13,x/x,x/x,
1519,25.06.2024,12,15,20,21,38,10,x/x,x/x,
1520,28.06.2024,07,18,34,39,42,16,x/x,x/x,
1521,02.07.2024,03,20,22,23,38,17,x/x,x/x,
1522,05.07.2024,01,15,21,30,47,04,x/x,x/x,
1523,09.07.2024,11,15,18,26,39,16,x/x,x/x,
1524,12.07.2024,05,14,21,34,36,05,x/x,x/x,
